Workbook

Sheet CONSULTA
B2: CONTROL DE MANTENIMIENTO PREVENTIVO
B4: EQUIPO | C4: 04101 - VL001- TRIMOTO MAVILA 1 - CAMPO | S4: =MATCH(LEFT(C4,5),EQUIPOS!$B$3:$B$18,0)+2 -> 3
B6: CÓDIGO | C6: =IF(INDEX(EQUIPOS!B:B,$S$4)="","",INDEX(EQUIPOS!B:B,$S$4)) -> 04101 | E6: CONTROL | F6: =IF(INDEX(EQUIPOS!G:G,$S$4)="","",INDEX(EQUIPOS!G:G,$S$4)) -> KM | G6: ÚLTIMO MANT. | I6: =IF(INDEX(EQUIPOS!K:K,$S$4)="","",INDEX(EQUIPOS!K:K,$S$4)) -> SIN REGISTRO | M6: PRÓXIMO MANT. | N6: =IF(INDEX(EQUIPOS!N:N,$S$4)="","",INDEX(EQUIPOS!N:N,$S$4)) -> PM1 - 1000 KM
B7: ÁREA | C7: =IF(INDEX(EQUIPOS!D:D,$S$4)="","",INDEX(EQUIPOS!D:D,$S$4)) -> RIEGO | E7: INTERVALO | F7: =IF(INDEX(EQUIPOS!H:H,$S$4)="","",INDEX(EQUIPOS!H:H,$S$4)) -> 1000 | G7: FECHA ÚLTIMO | I7: =IF(INDEX(EQUIPOS!L:L,$S$4)="","",INDEX(EQUIPOS!L:L,$S$4)) | M7: PRÓXIMO A | N7: =IF(INDEX(EQUIPOS!O:O,$S$4)="","",IF($F$6="MESES",INDEX(EQUIPOS!O:O,$S$4),TEXT(INDEX(EQUIPOS!O:O,$S$4),"#,##0")&" "&$F$6))
B8: CRITICIDAD | C8: =IF(INDEX(EQUIPOS!E:E,$S$4)="","",INDEX(EQUIPOS!E:E,$S$4)) -> BAJO | E8: LECTURA ACTUAL | F8: =IF(INDEX(EQUIPOS!I:I,$S$4)="","",INDEX(EQUIPOS!I:I,$S$4)) | G8: LECTURA ÚLTIMO | I8: =IF(INDEX(EQUIPOS!M:M,$S$4)="","",INDEX(EQUIPOS!M:M,$S$4)) | M8: FALTA | N8: =IF(INDEX(EQUIPOS!P:P,$S$4)="","",TEXT(INDEX(EQUIPOS!P:P,$S$4),"#,##0")&IF($F$6="MESES"," DÍAS"," "&$F$6))
B9: PLAN | C9: =IF(INDEX(EQUIPOS!F:F,$S$4)="","",INDEX(EQUIPOS!F:F,$S$4)) -> TRIMOTO MAVILA CARGO 250 | E9: FECHA LECTURA | F9: =IF(INDEX(EQUIPOS!J:J,$S$4)="","",INDEX(EQUIPOS!J:J,$S$4)) | M9: ESTADO | N9: =IF(INDEX(EQUIPOS!Q:Q,$S$4)="","",INDEX(EQUIPOS!Q:Q,$S$4)) -> SIN REGISTRO
B11: OBSERVACIONES DE MANTENIMIENTOS ANTERIORES
B12: FECHA | C12: MANTENIMIENTO | E12: OBSERVACIÓN
B13: =IF($S13=0,"",INDEX(REGISTRO!B:B,$S13)) | C13: =IF($S13=0,"",INDEX(REGISTRO!H:H,$S13)) | E13: =IF($S13=0,"",INDEX(REGISTRO!M:M,$S13)) | S13: =IFERROR(MATCH($C$6&"|"&(COUNTIFS(REGISTRO!$C$3:$C$2002,$C$6,REGISTRO!$M$3:$M$2002,"<>")-0),REGISTRO!$O:$O,0),0) -> 0
B14: =IF($S14=0,"",INDEX(REGISTRO!B:B,$S14)) | C14: =IF($S14=0,"",INDEX(REGISTRO!H:H,$S14)) | E14: =IF($S14=0,"",INDEX(REGISTRO!M:M,$S14)) | S14: =IFERROR(MATCH($C$6&"|"&(COUNTIFS(REGISTRO!$C$3:$C$2002,$C$6,REGISTRO!$M$3:$M$2002,"<>")-1),REGISTRO!$O:$O,0),0) -> 0
B15: =IF($S15=0,"",INDEX(REGISTRO!B:B,$S15)) | C15: =IF($S15=0,"",INDEX(REGISTRO!H:H,$S15)) | E15: =IF($S15=0,"",INDEX(REGISTRO!M:M,$S15)) | S15: =IFERROR(MATCH($C$6&"|"&(COUNTIFS(REGISTRO!$C$3:$C$2002,$C$6,REGISTRO!$M$3:$M$2002,"<>")-2),REGISTRO!$O:$O,0),0) -> 0
B17: PROGRAMA DE MANTENIMIENTO (CAMBIOS) | M17: PROGRAMA DE INSPECCIÓN
B18: MANTENIMIENTO | C18: PROGRAMADO | D18: ÚLTIMA VEZ REALIZADO | E18: SISTEMA | F18: DESCRIPCIÓN | G18: CANTIDAD | H18: UNIDAD | I18: P. UNIT (S/) | J18: P. TOTAL (S/) | K18: TOTAL PM (S/) | M18: MANTENIMIENTO | N18: SISTEMA | O18: ACTIVIDAD | P18: TAREA
A19: =IFERROR(MATCH($C$9&"|1",BD_PLAN!$J:$J,0),0) -> 3 | B19: =IF($A19=0,"",IF(TRUE(),LEFT($R19,FIND(" ",$R19)-1),"")) -> PM1 | C19: =IF($A19=0,"",IF(TRUE(),INDEX(BD_CICLO!$E:$E,MATCH($C$9&"|"&$R19,BD_CICLO!$G:$G,0))&" "&$F$6,"")) -> 1000 KM | D19: =IF($A19=0,"",IF(TRUE(),IFERROR(1/(1/SUMPRODUCT(MAX((REGISTRO!$C$3:$C$2002=$C$6)*(REGISTRO!$H$3:$H$2002=$R19)*REGISTRO!$B$3:$B$2002))),""),"")) | E19: =IF($A19=0,"",IF(TRUE(),$S19,"")) -> MOTOR | F19: =IF($A19=0,"",INDEX(BD_PLAN!E:E,$A19)) -> ACEITE MOTOR 20W50 4T MINERAL | G19: =IF($A19=0,"",INDEX(BD_PLAN!F:F,$A19)) -> 1.5 | H19: =IF($A19=0,"",INDEX(BD_PLAN!G:G,$A19)) -> L | I19: =IF($A19=0,"",INDEX(BD_PLAN!H:H,$A19)) -> 20 | J19: =IF($A19=0,"",INDEX(BD_PLAN!I:I,$A19)) -> 30 | K19: =IF($A19=0,"",IF(TRUE(),SUMIFS(BD_PLAN!$I$3:$I$312,BD_PLAN!$B$3:$B$312,$C$9,BD_PLAN!$C$3:$C$312,$R19),"")) -> 55.25 | M19: =IF($Q19=0,"",IF(TRUE(),$T19,"")) -> PM1 - 1000 KM | N19: =IF($Q19=0,"",IF(TRUE(),$U19,"")) -> MOTOR | O19: =IF($Q19=0,"",INDEX(BD_INSPECCION!E:E,$Q19)) -> INSPECCIONAR | P19: =IF($Q19=0,"",INDEX(BD_INSPECCION!F:F,$Q19)) -> LUZ DE VÁLVULAS (REGULAR SI ES NECESARIO) | Q19: =IFERROR(MATCH($C$9&"|1",BD_INSPECCION!$G:$G,0),0) -> 3 | R19: =IF($A19=0,"",INDEX(BD_PLAN!C:C,$A19)) -> PM1 - 1000 KM | S19: =IF($A19=0,"",INDEX(BD_PLAN!D:D,$A19)) -> MOTOR | T19: =IF($Q19=0,"",INDEX(BD_INSPECCION!C:C,$Q19)) -> PM1 - 1000 KM | U19: =IF($Q19=0,"",INDEX(BD_INSPECCION!D:D,$Q19)) -> MOTOR
A20: =IFERROR(MATCH($C$9&"|2",BD_PLAN!$J:$J,0),0) -> 4 | B20: =IF($A20=0,"",IF($R20<>$R19,LEFT($R20,FIND(" ",$R20)-1),"")) | C20: =IF($A20=0,"",IF($R20<>$R19,INDEX(BD_CICLO!$E:$E,MATCH($C$9&"|"&$R20,BD_CICLO!$G:$G,0))&" "&$F$6,"")) | D20: =IF($A20=0,"",IF($R20<>$R19,IFERROR(1/(1/SUMPRODUCT(MAX((REGISTRO!$C$3:$C$2002=$C$6)*(REGISTRO!$H$3:$H$2002=$R20)*REGISTRO!$B$3:$B$2002))),""),"")) | E20: =IF($A20=0,"",IF(OR($R20<>$R19,$S20<>$S19),$S20,"")) | F20: =IF($A20=0,"",INDEX(BD_PLAN!E:E,$A20)) -> ARANDELA TAPÓN DE DRENAJE | G20: =IF($A20=0,"",INDEX(BD_PLAN!F:F,$A20)) -> 1 | H20: =IF($A20=0,"",INDEX(BD_PLAN!G:G,$A20)) -> UND. | I20: =IF($A20=0,"",INDEX(BD_PLAN!H:H,$A20)) -> 2 | J20: =IF($A20=0,"",INDEX(BD_PLAN!I:I,$A20)) -> 2 | K20: =IF($A20=0,"",IF($R20<>$R19,SUMIFS(BD_PLAN!$I$3:$I$312,BD_PLAN!$B$3:$B$312,$C$9,BD_PLAN!$C$3:$C$312,$R20),"")) | M20: =IF($Q20=0,"",IF($T20<>$T19,$T20,"")) | N20: =IF($Q20=0,"",IF(OR($T20<>$T19,$U20<>$U19),$U20,"")) | O20: =IF($Q20=0,"",INDEX(BD_INSPECCION!E:E,$Q20)) -> INSPECCIONAR | P20: =IF($Q20=0,"",INDEX(BD_INSPECCION!F:F,$Q20)) -> VELOCIDAD DE RALENTÍ | Q20: =IFERROR(MATCH($C$9&"|2",BD_INSPECCION!$G:$G,0),0) -> 4 | R20: =IF($A20=0,"",INDEX(BD_PLAN!C:C,$A20)) -> PM1 - 1000 KM | S20: =IF($A20=0,"",INDEX(BD_PLAN!D:D,$A20)) -> MOTOR | T20: =IF($Q20=0,"",INDEX(BD_INSPECCION!C:C,$Q20)) -> PM1 - 1000 KM | U20: =IF($Q20=0,"",INDEX(BD_INSPECCION!D:D,$Q20)) -> MOTOR
A21: =IFERROR(MATCH($C$9&"|3",BD_PLAN!$J:$J,0),0) -> 5 | B21: =IF($A21=0,"",IF($R21<>$R20,LEFT($R21,FIND(" ",$R21)-1),"")) | C21: =IF($A21=0,"",IF($R21<>$R20,INDEX(BD_CICLO!$E:$E,MATCH($C$9&"|"&$R21,BD_CICLO!$G:$G,0))&" "&$F$6,"")) | D21: =IF($A21=0,"",IF($R21<>$R20,IFERROR(1/(1/SUMPRODUCT(MAX((REGISTRO!$C$3:$C$2002=$C$6)*(REGISTRO!$H$3:$H$2002=$R21)*REGISTRO!$B$3:$B$2002))),""),"")) | E21: =IF($A21=0,"",IF(OR($R21<>$R20,$S21<>$S20),$S21,"")) -> CHASIS | F21: =IF($A21=0,"",INDEX(BD_PLAN!E:E,$A21)) -> GRASA MULTIPROPÓSITO | G21: =IF($A21=0,"",INDEX(BD_PLAN!F:F,$A21)) -> 0.5 | H21: =IF($A21=0,"",INDEX(BD_PLAN!G:G,$A21)) -> LBRS | I21: =IF($A21=0,"",INDEX(BD_PLAN!H:H,$A21)) -> 15 | J21: =IF($A21=0,"",INDEX(BD_PLAN!I:I,$A21)) -> 7.5 | K21: =IF($A21=0,"",IF($R21<>$R20,SUMIFS(BD_PLAN!$I$3:$I$312,BD_PLAN!$B$3:$B$312,$C$9,BD_PLAN!$C$3:$C$312,$R21),"")) | M21: =IF($Q21=0,"",IF($T21<>$T20,$T21,"")) | N21: =IF($Q21=0,"",IF(OR($T21<>$T20,$U21<>$U20),$U21,"")) | O21: =IF($Q21=0,"",INDEX(BD_INSPECCION!E:E,$Q21)) -> INSPECCIONAR | P21: =IF($Q21=0,"",INDEX(BD_INSPECCION!F:F,$Q21)) -> FUGAS DE ACEITE Y ESTADO DE EMPAQUES | Q21: =IFERROR(MATCH($C$9&"|3",BD_INSPECCION!$G:$G,0),0) -> 5 | R21: =IF($A21=0,"",INDEX(BD_PLAN!C:C,$A21)) -> PM1 - 1000 KM | S21: =IF($A21=0,"",INDEX(BD_PLAN!D:D,$A21)) -> CHASIS | T21: =IF($Q21=0,"",INDEX(BD_INSPECCION!C:C,$Q21)) -> PM1 - 1000 KM | U21: =IF($Q21=0,"",INDEX(BD_INSPECCION!D:D,$Q21)) -> MOTOR
A22: =IFERROR(MATCH($C$9&"|4",BD_PLAN!$J:$J,0),0) -> 6 | B22: =IF($A22=0,"",IF($R22<>$R21,LEFT($R22,FIND(" ",$R22)-1),"")) | C22: =IF($A22=0,"",IF($R22<>$R21,INDEX(BD_CICLO!$E:$E,MATCH($C$9&"|"&$R22,BD_CICLO!$G:$G,0))&" "&$F$6,"")) | D22: =IF($A22=0,"",IF($R22<>$R21,IFERROR(1/(1/SUMPRODUCT(MAX((REGISTRO!$C$3:$C$2002=$C$6)*(REGISTRO!$H$3:$H$2002=$R22)*REGISTRO!$B$3:$B$2002))),""),"")) | E22: =IF($A22=0,"",IF(OR($R22<>$R21,$S22<>$S21),$S22,"")) -> SERVICIO GENERAL | F22: =IF($A22=0,"",INDEX(BD_PLAN!E:E,$A22)) -> TRAPO INDUSTRIAL | G22: =IF($A22=0,"",INDEX(BD_PLAN!F:F,$A22)) -> 0.5 | H22: =IF($A22=0,"",INDEX(BD_PLAN!G:G,$A22)) -> KG | I22: =IF($A22=0,"",INDEX(BD_PLAN!H:H,$A22)) -> 4.5 | J22: =IF($A22=0,"",INDEX(BD_PLAN!I:I,$A22)) -> 2.25 | K22: =IF($A22=0,"",IF($R22<>$R21,SUMIFS(BD_PLAN!$I$3:$I$312,BD_PLAN!$B$3:$B$312,$C$9,BD_PLAN!$C$3:$C$312,$R22),"")) | M22: =IF($Q22=0,"",IF($T22<>$T21,$T22,"")) | N22: =IF($Q22=0,"",IF(OR($T22<>$T21,$U22<>$U21),$U22,"")) | O22: =IF($Q22=0,"",INDEX(BD_INSPECCION!E:E,$Q22)) -> LIMPIAR | P22: =IF($Q22=0,"",INDEX(BD_INSPECCION!F:F,$Q22)) -> MALLA (COLADOR) DE ACEITE | Q22: =IFERROR(MATCH($C$9&"|4",BD_INSPECCION!$G:$G,0),0) -> 6 | R22: =IF($A22=0,"",INDEX(BD_PLAN!C:C,$A22)) -> PM1 - 1000 KM | S22: =IF($A22=0,"",INDEX(BD_PLAN!D:D,$A22)) -> SERVICIO GENERAL | T22: =IF($Q22=0,"",INDEX(BD_INSPECCION!C:C,$Q22)) -> PM1 - 1000 KM | U22: =IF($Q22=0,"",INDEX(BD_INSPECCION!D:D,$Q22)) -> MOTOR
A23: =IFERROR(MATCH($C$9&"|5",BD_PLAN!$J:$J,0),0) -> 7 | B23: =IF($A23=0,"",IF($R23<>$R22,LEFT($R23,FIND(" ",$R23)-1),"")) | C23: =IF($A23=0,"",IF($R23<>$R22,INDEX(BD_CICLO!$E:$E,MATCH($C$9&"|"&$R23,BD_CICLO!$G:$G,0))&" "&$F$6,"")) | D23: =IF($A23=0,"",IF($R23<>$R22,IFERROR(1/(1/SUMPRODUCT(MAX((REGISTRO!$C$3:$C$2002=$C$6)*(REGISTRO!$H$3:$H$2002=$R23)*REGISTRO!$B$3:$B$2002))),""),"")) | E23: =IF($A23=0,"",IF(OR($R23<>$R22,$S23<>$S22),$S23,"")) | F23: =IF($A23=0,"",INDEX(BD_PLAN!E:E,$A23)) -> GASOLINA 90 OCT | G23: =IF($A23=0,"",INDEX(BD_PLAN!F:F,$A23)) -> 0.25 | H23: =IF($A23=0,"",INDEX(BD_PLAN!G:G,$A23)) -> GL | I23: =IF($A23=0,"",INDEX(BD_PLAN!H:H,$A23)) -> 24 | J23: =IF($A23=0,"",INDEX(BD_PLAN!I:I,$A23)) -> 6 | K23: =IF($A23=0,"",IF($R23<>$R22,SUMIFS(BD_PLAN!$I$3:$I$312,BD_PLAN!$B$3:$B$312,$C$9,BD_PLAN!$C$3:$C$312,$R23),"")) | M23: =IF($Q23=0,"",IF($T23<>$T22,$T23,"")) | N23: =IF($Q23=0,"",IF(OR($T23<>$T22,$U23<>$U22),$U23,"")) -> ADMISIÓN DE AIRE | O23: =IF($Q23=0,"",INDEX(BD_INSPECCION!E:E,$Q23)) -> LIMPIAR | P23: =IF($Q23=0,"",INDEX(BD_INSPECCION!F:F,$Q23)) -> FILTRO DE AIRE | Q23: =IFERROR(MATCH($C$9&"|5",BD_INSPECCION!$G:$G,0),0) -> 7 | R23: =IF($A23=0,"",INDEX(BD_PLAN!C:C,$A23)) -> PM1 - 1000 KM | S23: =IF($A23=0,"",INDEX(BD_PLAN!D:D,$A23)) -> SERVICIO GENERAL | T23: =IF($Q23=0,"",INDEX(BD_INSPECCION!C:C,$Q23)) -> PM1 - 1000 KM | U23: =IF($Q23=0,"",INDEX(BD_INSPECCION!D:D,$Q23)) -> ADMISIÓN DE AIRE
A24: =IFERROR(MATCH($C$9&"|6",BD_PLAN!$J:$J,0),0) -> 8 | B24: =IF($A24=0,"",IF($R24<>$R23,LEFT($R24,FIND(" ",$R24)-1),"")) | C24: =IF($A24=0,"",IF($R24<>$R23,INDEX(BD_CICLO!$E:$E,MATCH($C$9&"|"&$R24,BD_CICLO!$G:$G,0))&" "&$F$6,"")) | D24: =IF($A24=0,"",IF($R24<>$R23,IFERROR(1/(1/SUMPRODUCT(MAX((REGISTRO!$C$3:$C$2002=$C$6)*(REGISTRO!$H$3:$H$2002=$R24)*REGISTRO!$B$3:$B$2002))),""),"")) | E24: =IF($A24=0,"",IF(OR($R24<>$R23,$S24<>$S23),$S24,"")) -> COMBUSTIBLE | F24: =IF($A24=0,"",INDEX(BD_PLAN!E:E,$A24)) -> LIMPIA CARBURADOR | G24: =IF($A24=0,"",INDEX(BD_PLAN!F:F,$A24)) -> 0.5 | H24: =IF($A24=0,"",INDEX(BD_PLAN!G:G,$A24)) -> UND. | I24: =IF($A24=0,"",INDEX(BD_PLAN!H:H,$A24)) -> 15 | J24: =IF($A24=0,"",INDEX(BD_PLAN!I:I,$A24)) -> 7.5 | K24: =IF($A24=0,"",IF($R24<>$R23,SUMIFS(BD_PLAN!$I$3:$I$312,BD_PLAN!$B$3:$B$312,$C$9,BD_PLAN!$C$3:$C$312,$R24),"")) | M24: =IF($Q24=0,"",IF($T24<>$T23,$T24,"")) | N24: =IF($Q24=0,"",IF(OR($T24<>$T23,$U24<>$U23),$U24,"")) -> COMBUSTIBLE | O24: =IF($Q24=0,"",INDEX(BD_INSPECCION!E:E,$Q24)) -> INSPECCIONAR | P24: =IF($Q24=0,"",INDEX(BD_INSPECCION!F:F,$Q24)) -> MANGUERA DE COMBUSTIBLE (GRIETAS Y FUGAS) | Q24: =IFERROR(MATCH($C$9&"|6",BD_INSPECCION!$G:$G,0),0) -> 8 | R24: =IF($A24=0,"",INDEX(BD_PLAN!C:C,$A24)) -> PM1 - 1000 KM | S24: =IF($A24=0,"",INDEX(BD_PLAN!D:D,$A24)) -> COMBUSTIBLE | T24: =IF($Q24=0,"",INDEX(BD_INSPECCION!C:C,$Q24)) -> PM1 - 1000 KM | U24: =IF($Q24=0,"",INDEX(BD_INSPECCION!D:D,$Q24)) -> COMBUSTIBLE
A25: =IFERROR(MATCH($C$9&"|7",BD_PLAN!$J:$J,0),0) -> 9 | B25: =IF($A25=0,"",IF($R25<>$R24,LEFT($R25,FIND(" ",$R25)-1),"")) -> PM2 | C25: =IF($A25=0,"",IF($R25<>$R24,INDEX(BD_CICLO!$E:$E,MATCH($C$9&"|"&$R25,BD_CICLO!$G:$G,0))&" "&$F$6,"")) -> 2000 KM | D25: =IF($A25=0,"",IF($R25<>$R24,IFERROR(1/(1/SUMPRODUCT(MAX((REGISTRO!$C$3:$C$2002=$C$6)*(REGISTRO!$H$3:$H$2002=$R25)*REGISTRO!$B$3:$B$2002))),""),"")) | E25: =IF($A25=0,"",IF(OR($R25<>$R24,$S25<>$S24),$S25,"")) -> MOTOR | F25: =IF($A25=0,"",INDEX(BD_PLAN!E:E,$A25)) -> ACEITE MOTOR 20W50 4T MINERAL | G25: =IF($A25=0,"",INDEX(BD_PLAN!F:F,$A25)) -> 1.5 | H25: =IF($A25=0,"",INDEX(BD_PLAN!G:G,$A25)) -> L | I25: =IF($A25=0,"",INDEX(BD_PLAN!H:H,$A25)) -> 20 | J25: =IF($A25=0,"",INDEX(BD_PLAN!I:I,$A25)) -> 30 | K25: =IF($A25=0,"",IF($R25<>$R24,SUMIFS(BD_PLAN!$I$3:$I$312,BD_PLAN!$B$3:$B$312,$C$9,BD_PLAN!$C$3:$C$312,$R25),"")) -> 63.25 | M25: =IF($Q25=0,"",IF($T25<>$T24,$T25,"")) | N25: =IF($Q25=0,"",IF(OR($T25<>$T24,$U25<>$U24),$U25,"")) | O25: =IF($Q25=0,"",INDEX(BD_INSPECCION!E:E,$Q25)) -> INSPECCIONAR | P25: =IF($Q25=0,"",INDEX(BD_INSPECCION!F:F,$Q25)) -> FUNCIONAMIENTO DEL ACELERADOR Y CHOKE | Q25: =IFERROR(MATCH($C$9&"|7",BD_INSPECCION!$G:$G,0),0) -> 9 | R25: =IF($A25=0,"",INDEX(BD_PLAN!C:C,$A25)) -> PM2 - 2000 KM | S25: =IF($A25=0,"",INDEX(BD_PLAN!D:D,$A25)) -> MOTOR | T25: =IF($Q25=0,"",INDEX(BD_INSPECCION!C:C,$Q25)) -> PM1 - 1000 KM | U25: =IF($Q25=0,"",INDEX(BD_INSPECCION!D:D,$Q25)) -> COMBUSTIBLE
A26: =IFERROR(MATCH($C$9&"|8",BD_PLAN!$J:$J,0),0) -> 10 | B26: =IF($A26=0,"",IF($R26<>$R25,LEFT($R26,FIND(" ",$R26)-1),"")) | C26: =IF($A26=0,"",IF($R26<>$R25,INDEX(BD_CICLO!$E:$E,MATCH($C$9&"|"&$R26,BD_CICLO!$G:$G,0))&" "&$F$6,"")) | D26: =IF($A26=0,"",IF($R26<>$R25,IFERROR(1/(1/SUMPRODUCT(MAX((REGISTRO!$C$3:$C$2002=$C$6)*(REGISTRO!$H$3:$H$2002=$R26)*REGISTRO!$B$3:$B$2002))),""),"")) | E26: =IF($A26=0,"",IF(OR($R26<>$R25,$S26<>$S25),$S26,"")) | F26: =IF($A26=0,"",INDEX(BD_PLAN!E:E,$A26)) -> ARANDELA TAPÓN DE DRENAJE | G26: =IF($A26=0,"",INDEX(BD_PLAN!F:F,$A26)) -> 1 | H26: =IF($A26=0,"",INDEX(BD_PLAN!G:G,$A26)) -> UND. | I26: =IF($A26=0,"",INDEX(BD_PLAN!H:H,$A26)) -> 2 | J26: =IF($A26=0,"",INDEX(BD_PLAN!I:I,$A26)) -> 2 | K26: =IF($A26=0,"",IF($R26<>$R25,SUMIFS(BD_PLAN!$I$3:$I$312,BD_PLAN!$B$3:$B$312,$C$9,BD_PLAN!$C$3:$C$312,$R26),"")) | M26: =IF($Q26=0,"",IF($T26<>$T25,$T26,"")) | N26: =IF($Q26=0,"",IF(OR($T26<>$T25,$U26<>$U25),$U26,"")) -> ENCENDIDO | O26: =IF($Q26=0,"",INDEX(BD_INSPECCION!E:E,$Q26)) -> INSPECCIONAR | P26: =IF($Q26=0,"",INDEX(BD_INSPECCION!F:F,$Q26)) -> BUJÍA: LIMPIAR Y CALIBRAR | Q26: =IFERROR(MATCH($C$9&"|8",BD_INSPECCION!$G:$G,0),0) -> 10 | R26: =IF($A26=0,"",INDEX(BD_PLAN!C:C,$A26)) -> PM2 - 2000 KM | S26: =IF($A26=0,"",INDEX(BD_PLAN!D:D,$A26)) -> MOTOR | T26: =IF($Q26=0,"",INDEX(BD_INSPECCION!C:C,$Q26)) -> PM1 - 1000 KM | U26: =IF($Q26=0,"",INDEX(BD_INSPECCION!D:D,$Q26)) -> ENCENDIDO
A27: =IFERROR(MATCH($C$9&"|9",BD_PLAN!$J:$J,0),0) -> 11 | B27: =IF($A27=0,"",IF($R27<>$R26,LEFT($R27,FIND(" ",$R27)-1),"")) | C27: =IF($A27=0,"",IF($R27<>$R26,INDEX(BD_CICLO!$E:$E,MATCH($C$9&"|"&$R27,BD_CICLO!$G:$G,0))&" "&$F$6,"")) | D27: =IF($A27=0,"",IF($R27<>$R26,IFERROR(1/(1/SUMPRODUCT(MAX((REGISTRO!$C$3:$C$2002=$C$6)*(REGISTRO!$H$3:$H$2002=$R27)*REGISTRO!$B$3:$B$2002))),""),"")) | E27: =IF($A27=0,"",IF(OR($R27<>$R26,$S27<>$S26),$S27,"")) -> COMBUSTIBLE | F27: =IF($A27=0,"",INDEX(BD_PLAN!E:E,$A27)) -> FILTRO DE GASOLINA EN LÍNEA | G27: =IF($A27=0,"",INDEX(BD_PLAN!F:F,$A27)) -> 1 | H27: =IF($A27=0,"",INDEX(BD_PLAN!G:G,$A27)) -> UND. | I27: =IF($A27=0,"",INDEX(BD_PLAN!H:H,$A27)) -> 8 | J27: =IF($A27=0,"",INDEX(BD_PLAN!I:I,$A27)) -> 8 | K27: =IF($A27=0,"",IF($R27<>$R26,SUMIFS(BD_PLAN!$I$3:$I$312,BD_PLAN!$B$3:$B$312,$C$9,BD_PLAN!$C$3:$C$312,$R27),"")) | M27: =IF($Q27=0,"",IF($T27<>$T26,$T27,"")) | N27: =IF($Q27=0,"",IF(OR($T27<>$T26,$U27<>$U26),$U27,"")) -> TRANSMISIÓN | O27: =IF($Q27=0,"",INDEX(BD_INSPECCION!E:E,$Q27)) -> INSPECCIONAR | P27: =IF($Q27=0,"",INDEX(BD_INSPECCION!F:F,$Q27)) -> EMBRAGUE (JUEGO LIBRE DEL CABLE) Y CAMBIOS | Q27: =IFERROR(MATCH($C$9&"|9",BD_INSPECCION!$G:$G,0),0) -> 11 | R27: =IF($A27=0,"",INDEX(BD_PLAN!C:C,$A27)) -> PM2 - 2000 KM | S27: =IF($A27=0,"",INDEX(BD_PLAN!D:D,$A27)) -> COMBUSTIBLE | T27: =IF($Q27=0,"",INDEX(BD_INSPECCION!C:C,$Q27)) -> PM1 - 1000 KM | U27: =IF($Q27=0,"",INDEX(BD_INSPECCION!D:D,$Q27)) -> TRANSMISIÓN
A28: =IFERROR(MATCH($C$9&"|10",BD_PLAN!$J:$J,0),0) -> 12 | B28: =IF($A28=0,"",IF($R28<>$R27,LEFT($R28,FIND(" ",$R28)-1),"")) | C28: =IF($A28=0,"",IF($R28<>$R27,INDEX(BD_CICLO!$E:$E,MATCH($C$9&"|"&$R28,BD_CICLO!$G:$G,0))&" "&$F$6,"")) | D28: =IF($A28=0,"",IF($R28<>$R27,IFERROR(1/(1/SUMPRODUCT(MAX((REGISTRO!$C$3:$C$2002=$C$6)*(REGISTRO!$H$3:$H$2002=$R28)*REGISTRO!$B$3:$B$2002))),""),"")) | E28: =IF($A28=0,"",IF(OR($R28<>$R27,$S28<>$S27),$S28,"")) | F28: =IF($A28=0,"",INDEX(BD_PLAN!E:E,$A28)) -> LIMPIA CARBURADOR | G28: =IF($A28=0,"",INDEX(BD_PLAN!F:F,$A28)) -> 0.5 | H28: =IF($A28=0,"",INDEX(BD_PLAN!G:G,$A28)) -> UND. | I28: =IF($A28=0,"",INDEX(BD_PLAN!H:H,$A28)) -> 15 | J28: =IF($A28=0,"",INDEX(BD_PLAN!I:I,$A28)) -> 7.5 | K28: =IF($A28=0,"",IF($R28<>$R27,SUMIFS(BD_PLAN!$I$3:$I$312,BD_PLAN!$B$3:$B$312,$C$9,BD_PLAN!$C$3:$C$312,$R28),"")) | M28: =IF($Q28=0,"",IF($T28<>$T27,$T28,"")) | N28: =IF($Q28=0,"",IF(OR($T28<>$T27,$U28<>$U27),$U28,"")) -> CARDÁN | O28: =IF($Q28=0,"",INDEX(BD_INSPECCION!E:E,$Q28)) -> INSPECCIONAR | P28: =IF($Q28=0,"",INDEX(BD_INSPECCION!F:F,$Q28)) -> CRUCETAS (JUEGO) Y GUARDAPOLVOS | Q28: =IFERROR(MATCH($C$9&"|10",BD_INSPECCION!$G:$G,0),0) -> 12 | R28: =IF($A28=0,"",INDEX(BD_PLAN!C:C,$A28)) -> PM2 - 2000 KM | S28: =IF($A28=0,"",INDEX(BD_PLAN!D:D,$A28)) -> COMBUSTIBLE | T28: =IF($Q28=0,"",INDEX(BD_INSPECCION!C:C,$Q28)) -> PM1 - 1000 KM | U28: =IF($Q28=0,"",INDEX(BD_INSPECCION!D:D,$Q28)) -> CARDÁN
A29: =IFERROR(MATCH($C$9&"|11",BD_PLAN!$J:$J,0),0) -> 13 | B29: =IF($A29=0,"",IF($R29<>$R28,LEFT($R29,FIND(" ",$R29)-1),"")) | C29: =IF($A29=0,"",IF($R29<>$R28,INDEX(BD_CICLO!$E:$E,MATCH($C$9&"|"&$R29,BD_CICLO!$G:$G,0))&" "&$F$6,"")) | D29: =IF($A29=0,"",IF($R29<>$R28,IFERROR(1/(1/SUMPRODUCT(MAX((REGISTRO!$C$3:$C$2002=$C$6)*(REGISTRO!$H$3:$H$2002=$R29)*REGISTRO!$B$3:$B$2002))),""),"")) | E29: =IF($A29=0,"",IF(OR($R29<>$R28,$S29<>$S28),$S29,"")) -> CHASIS | F29: =IF($A29=0,"",INDEX(BD_PLAN!E:E,$A29)) -> GRASA MULTIPROPÓSITO | G29: =IF($A29=0,"",INDEX(BD_PLAN!F:F,$A29)) -> 0.5 | H29: =IF($A29=0,"",INDEX(BD_PLAN!G:G,$A29)) -> LBRS | I29: =IF($A29=0,"",INDEX(BD_PLAN!H:H,$A29)) -> 15 | J29: =IF($A29=0,"",INDEX(BD_PLAN!I:I,$A29)) -> 7.5 | K29: =IF($A29=0,"",IF($R29<>$R28,SUMIFS(BD_PLAN!$I$3:$I$312,BD_PLAN!$B$3:$B$312,$C$9,BD_PLAN!$C$3:$C$312,$R29),"")) | M29: =IF($Q29=0,"",IF($T29<>$T28,$T29,"")) | N29: =IF($Q29=0,"",IF(OR($T29<>$T28,$U29<>$U28),$U29,"")) | O29: =IF($Q29=0,"",INDEX(BD_INSPECCION!E:E,$Q29)) -> LUBRICAR | P29: =IF($Q29=0,"",INDEX(BD_INSPECCION!F:F,$Q29)) -> CRUCETAS Y ESTRIADO DEL CARDÁN | Q29: =IFERROR(MATCH($C$9&"|11",BD_INSPECCION!$G:$G,0),0) -> 13 | R29: =IF($A29=0,"",INDEX(BD_PLAN!C:C,$A29)) -> PM2 - 2000 KM | S29: =IF($A29=0,"",INDEX(BD_PLAN!D:D,$A29)) -> CHASIS | T29: =IF($Q29=0,"",INDEX(BD_INSPECCION!C:C,$Q29)) -> PM1 - 1000 KM | U29: =IF($Q29=0,"",INDEX(BD_INSPECCION!D:D,$Q29)) -> CARDÁN
A30: =IFERROR(MATCH($C$9&"|12",BD_PLAN!$J:$J,0),0) -> 14 | B30: =IF($A30=0,"",IF($R30<>$R29,LEFT($R30,FIND(" ",$R30)-1),"")) | C30: =IF($A30=0,"",IF($R30<>$R29,INDEX(BD_CICLO!$E:$E,MATCH($C$9&"|"&$R30,BD_CICLO!$G:$G,0))&" "&$F$6,"")) | D30: =IF($A30=0,"",IF($R30<>$R29,IFERROR(1/(1/SUMPRODUCT(MAX((REGISTRO!$C$3:$C$2002=$C$6)*(REGISTRO!$H$3:$H$2002=$R30)*REGISTRO!$B$3:$B$2002))),""),"")) | E30: =IF($A30=0,"",IF(OR($R30<>$R29,$S30<>$S29),$S30,"")) -> SERVICIO GENERAL | F30: =IF($A30=0,"",INDEX(BD_PLAN!E:E,$A30)) -> TRAPO INDUSTRIAL | G30: =IF($A30=0,"",INDEX(BD_PLAN!F:F,$A30)) -> 0.5 | H30: =IF($A30=0,"",INDEX(BD_PLAN!G:G,$A30)) -> KG | I30: =IF($A30=0,"",INDEX(BD_PLAN!H:H,$A30)) -> 4.5 | J30: =IF($A30=0,"",INDEX(BD_PLAN!I:I,$A30)) -> 2.25 | K30: =IF($A30=0,"",IF($R30<>$R29,SUMIFS(BD_PLAN!$I$3:$I$312,BD_PLAN!$B$3:$B$312,$C$9,BD_PLAN!$C$3:$C$312,$R30),"")) | M30: =IF($Q30=0,"",IF($T30<>$T29,$T30,"")) | N30: =IF($Q30=0,"",IF(OR($T30<>$T29,$U30<>$U29),$U30,"")) -> DIFERENCIAL | O30: =IF($Q30=0,"",INDEX(BD_INSPECCION!E:E,$Q30)) -> INSPECCIONAR | P30: =IF($Q30=0,"",INDEX(BD_INSPECCION!F:F,$Q30)) -> NIVEL DE ACEITE Y FUGAS | Q30: =IFERROR(MATCH($C$9&"|12",BD_INSPECCION!$G:$G,0),0) -> 14 | R30: =IF($A30=0,"",INDEX(BD_PLAN!C:C,$A30)) -> PM2 - 2000 KM | S30: =IF($A30=0,"",INDEX(BD_PLAN!D:D,$A30)) -> SERVICIO GENERAL | T30: =IF($Q30=0,"",INDEX(BD_INSPECCION!C:C,$Q30)) -> PM1 - 1000 KM | U30: =IF($Q30=0,"",INDEX(BD_INSPECCION!D:D,$Q30)) -> DIFERENCIAL
A31: =IFERROR(MATCH($C$9&"|13",BD_PLAN!$J:$J,0),0) -> 15 | B31: =IF($A31=0,"",IF($R31<>$R30,LEFT($R31,FIND(" ",$R31)-1),"")) | C31: =IF($A31=0,"",IF($R31<>$R30,INDEX(BD_CICLO!$E:$E,MATCH($C$9&"|"&$R31,BD_CICLO!$G:$G,0))&" "&$F$6,"")) | D31: =IF($A31=0,"",IF($R31<>$R30,IFERROR(1/(1/SUMPRODUCT(MAX((REGISTRO!$C$3:$C$2002=$C$6)*(REGISTRO!$H$3:$H$2002=$R31)*REGISTRO!$B$3:$B$2002))),""),"")) | E31: =IF($A31=0,"",IF(OR($R31<>$R30,$S31<>$S30),$S31,"")) | F31: =IF($A31=0,"",INDEX(BD_PLAN!E:E,$A31)) -> GASOLINA 90 OCT | G31: =IF($A31=0,"",INDEX(BD_PLAN!F:F,$A31)) -> 0.25 | H31: =IF($A31=0,"",INDEX(BD_PLAN!G:G,$A31)) -> GL | I31: =IF($A31=0,"",INDEX(BD_PLAN!H:H,$A31)) -> 24 | J31: =IF($A31=0,"",INDEX(BD_PLAN!I:I,$A31)) -> 6 | K31: =IF($A31=0,"",IF($R31<>$R30,SUMIFS(BD_PLAN!$I$3:$I$312,BD_PLAN!$B$3:$B$312,$C$9,BD_PLAN!$C$3:$C$312,$R31),"")) | M31: =IF($Q31=0,"",IF($T31<>$T30,$T31,"")) | N31: =IF($Q31=0,"",IF(OR($T31<>$T30,$U31<>$U30),$U31,"")) | O31: =IF($Q31=0,"",INDEX(BD_INSPECCION!E:E,$Q31)) -> INSPECCIONAR | P31: =IF($Q31=0,"",INDEX(BD_INSPECCION!F:F,$Q31)) -> RUIDOS Y RESPIRADERO | Q31: =IFERROR(MATCH($C$9&"|13",BD_INSPECCION!$G:$G,0),0) -> 15 | R31: =IF($A31=0,"",INDEX(BD_PLAN!C:C,$A31)) -> PM2 - 2000 KM | S31: =IF($A31=0,"",INDEX(BD_PLAN!D:D,$A31)) -> SERVICIO GENERAL | T31: =IF($Q31=0,"",INDEX(BD_INSPECCION!C:C,$Q31)) -> PM1 - 1000 KM | U31: =IF($Q31=0,"",INDEX(BD_INSPECCION!D:D,$Q31)) -> DIFERENCIAL
A32: =IFERROR(MATCH($C$9&"|14",BD_PLAN!$J:$J,0),0) -> 16 | B32: =IF($A32=0,"",IF($R32<>$R31,LEFT($R32,FIND(" ",$R32)-1),"")) -> PM3 | C32: =IF($A32=0,"",IF($R32<>$R31,INDEX(BD_CICLO!$E:$E,MATCH($C$9&"|"&$R32,BD_CICLO!$G:$G,0))&" "&$F$6,"")) -> 3000 KM | D32: =IF($A32=0,"",IF($R32<>$R31,IFERROR(1/(1/SUMPRODUCT(MAX((REGISTRO!$C$3:$C$2002=$C$6)*(REGISTRO!$H$3:$H$2002=$R32)*REGISTRO!$B$3:$B$2002))),""),"")) | E32: =IF($A32=0,"",IF(OR($R32<>$R31,$S32<>$S31),$S32,"")) -> MOTOR | F32: =IF($A32=0,"",INDEX(BD_PLAN!E:E,$A32)) -> ACEITE MOTOR 20W50 4T MINERAL | G32: =IF($A32=0,"",INDEX(BD_PLAN!F:F,$A32)) -> 1.5 | H32: =IF($A32=0,"",INDEX(BD_PLAN!G:G,$A32)) -> L | I32: =IF($A32=0,"",INDEX(BD_PLAN!H:H,$A32)) -> 20 | J32: =IF($A32=0,"",INDEX(BD_PLAN!I:I,$A32)) -> 30 | K32: =IF($A32=0,"",IF($R32<>$R31,SUMIFS(BD_PLAN!$I$3:$I$312,BD_PLAN!$B$3:$B$312,$C$9,BD_PLAN!$C$3:$C$312,$R32),"")) -> 55.25 | M32: =IF($Q32=0,"",IF($T32<>$T31,$T32,"")) | N32: =IF($Q32=0,"",IF(OR($T32<>$T31,$U32<>$U31),$U32,"")) -> EJES / RODAJES | O32: =IF($Q32=0,"",INDEX(BD_INSPECCION!E:E,$Q32)) -> INSPECCIONAR | P32: =IF($Q32=0,"",INDEX(BD_INSPECCION!F:F,$Q32)) -> PALIERES, RODAJES DE RUEDA Y RETENES (JUEGO, RUIDO Y FUGAS) | Q32: =IFERROR(MATCH($C$9&"|14",BD_INSPECCION!$G:$G,0),0) -> 16 | R32: =IF($A32=0,"",INDEX(BD_PLAN!C:C,$A32)) -> PM3 - 3000 KM | S32: =IF($A32=0,"",INDEX(BD_PLAN!D:D,$A32)) -> MOTOR | T32: =IF($Q32=0,"",INDEX(BD_INSPECCION!C:C,$Q32)) -> PM1 - 1000 KM | U32: =IF($Q32=0,"",INDEX(BD_INSPECCION!D:D,$Q32)) -> EJES / RODAJES
A33: =IFERROR(MATCH($C$9&"|15",BD_PLAN!$J:$J,0),0) -> 17 | B33: =IF($A33=0,"",IF($R33<>$R32,LEFT($R33,FIND(" ",$R33)-1),"")) | C33: =IF($A33=0,"",IF($R33<>$R32,INDEX(BD_CICLO!$E:$E,MATCH($C$9&"|"&$R33,BD_CICLO!$G:$G,0))&" "&$F$6,"")) | D33: =IF($A33=0,"",IF($R33<>$R32,IFERROR(1/(1/SUMPRODUCT(MAX((REGISTRO!$C$3:$C$2002=$C$6)*(REGISTRO!$H$3:$H$2002=$R33)*REGISTRO!$B$3:$B$2002))),""),"")) | E33: =IF($A33=0,"",IF(OR($R33<>$R32,$S33<>$S32),$S33,"")) | F33: =IF($A33=0,"",INDEX(BD_PLAN!E:E,$A33)) -> ARANDELA TAPÓN DE DRENAJE | G33: =IF($A33=0,"",INDEX(BD_PLAN!F:F,$A33)) -> 1 | H33: =IF($A33=0,"",INDEX(BD_PLAN!G:G,$A33)) -> UND. | I33: =IF($A33=0,"",INDEX(BD_PLAN!H:H,$A33)) -> 2 | J33: =IF($A33=0,"",INDEX(BD_PLAN!I:I,$A33)) -> 2 | K33: =IF($A33=0,"",IF($R33<>$R32,SUMIFS(BD_PLAN!$I$3:$I$312,BD_PLAN!$B$3:$B$312,$C$9,BD_PLAN!$C$3:$C$312,$R33),"")) | M33: =IF($Q33=0,"",IF($T33<>$T32,$T33,"")) | N33: =IF($Q33=0,"",IF(OR($T33<>$T32,$U33<>$U32),$U33,"")) -> FRENOS | O33: =IF($Q33=0,"",INDEX(BD_INSPECCION!E:E,$Q33)) -> INSPECCIONAR | P33: =IF($Q33=0,"",INDEX(BD_INSPECCION!F:F,$Q33)) -> ZAPATAS, TAMBORES, CABLES Y JUEGO LIBRE DE PALANCA Y PEDAL | Q33: =IFERROR(MATCH($C$9&"|15",BD_INSPECCION!$G:$G,0),0) -> 17 | R33: =IF($A33=0,"",INDEX(BD_PLAN!C:C,$A33)) -> PM3 - 3000 KM | S33: =IF($A33=0,"",INDEX(BD_PLAN!D:D,$A33)) -> MOTOR | T33: =IF($Q33=0,"",INDEX(BD_INSPECCION!C:C,$Q33)) -> PM1 - 1000 KM | U33: =IF($Q33=0,"",INDEX(BD_INSPECCION!D:D,$Q33)) -> FRENOS
A34: =IFERROR(MATCH($C$9&"|16",BD_PLAN!$J:$J,0),0) -> 18 | B34: =IF($A34=0,"",IF($R34<>$R33,LEFT($R34,FIND(" ",$R34)-1),"")) | C34: =IF($A34=0,"",IF($R34<>$R33,INDEX(BD_CICLO!$E:$E,MATCH($C$9&"|"&$R34,BD_CICLO!$G:$G,0))&" "&$F$6,"")) | D34: =IF($A34=0,"",IF($R34<>$R33,IFERROR(1/(1/SUMPRODUCT(MAX((REGISTRO!$C$3:$C$2002=$C$6)*(REGISTRO!$H$3:$H$2002=$R34)*REGISTRO!$B$3:$B$2002))),""),"")) | E34: =IF($A34=0,"",IF(OR($R34<>$R33,$S34<>$S33),$S34,"")) -> CHASIS | F34: =IF($A34=0,"",INDEX(BD_PLAN!E:E,$A34)) -> GRASA MULTIPROPÓSITO | G34: =IF($A34=0,"",INDEX(BD_PLAN!F:F,$A34)) -> 0.5 | H34: =IF($A34=0,"",INDEX(BD_PLAN!G:G,$A34)) -> LBRS | I34: =IF($A34=0,"",INDEX(BD_PLAN!H:H,$A34)) -> 15 | J34: =IF($A34=0,"",INDEX(BD_PLAN!I:I,$A34)) -> 7.5 | K34: =IF($A34=0,"",IF($R34<>$R33,SUMIFS(BD_PLAN!$I$3:$I$312,BD_PLAN!$B$3:$B$312,$C$9,BD_PLAN!$C$3:$C$312,$R34),"")) | M34: =IF($Q34=0,"",IF($T34<>$T33,$T34,"")) | N34: =IF($Q34=0,"",IF(OR($T34<>$T33,$U34<>$U33),$U34,"")) -> DIRECCIÓN | O34: =IF($Q34=0,"",INDEX(BD_INSPECCION!E:E,$Q34)) -> INSPECCIONAR | P34: =IF($Q34=0,"",INDEX(BD_INSPECCION!F:F,$Q34)) -> RODAJES DE DIRECCIÓN Y JUEGO DEL TIMÓN | Q34: =IFERROR(MATCH($C$9&"|16",BD_INSPECCION!$G:$G,0),0) -> 18 | R34: =IF($A34=0,"",INDEX(BD_PLAN!C:C,$A34)) -> PM3 - 3000 KM | S34: =IF($A34=0,"",INDEX(BD_PLAN!D:D,$A34)) -> CHASIS | T34: =IF($Q34=0,"",INDEX(BD_INSPECCION!C:C,$Q34)) -> PM1 - 1000 KM | U34: =IF($Q34=0,"",INDEX(BD_INSPECCION!D:D,$Q34)) -> DIRECCIÓN
A35: =IFERROR(MATCH($C$9&"|17",BD_PLAN!$J:$J,0),0) -> 19 | B35: =IF($A35=0,"",IF($R35<>$R34,LEFT($R35,FIND(" ",$R35)-1),"")) | C35: =IF($A35=0,"",IF($R35<>$R34,INDEX(BD_CICLO!$E:$E,MATCH($C$9&"|"&$R35,BD_CICLO!$G:$G,0))&" "&$F$6,"")) | D35: =IF($A35=0,"",IF($R35<>$R34,IFERROR(1/(1/SUMPRODUCT(MAX((REGISTRO!$C$3:$C$2002=$C$6)*(REGISTRO!$H$3:$H$2002=$R35)*REGISTRO!$B$3:$B$2002))),""),"")) | E35: =IF($A35=0,"",IF(OR($R35<>$R34,$S35<>$S34),$S35,"")) -> SERVICIO GENERAL | F35: =IF($A35=0,"",INDEX(BD_PLAN!E:E,$A35)) -> TRAPO INDUSTRIAL | G35: =IF($A35=0,"",INDEX(BD_PLAN!F:F,$A35)) -> 0.5 | H35: =IF($A35=0,"",INDEX(BD_PLAN!G:G,$A35)) -> KG | I35: =IF($A35=0,"",INDEX(BD_PLAN!H:H,$A35)) -> 4.5 | J35: =IF($A35=0,"",INDEX(BD_PLAN!I:I,$A35)) -> 2.25 | K35: =IF($A35=0,"",IF($R35<>$R34,SUMIFS(BD_PLAN!$I$3:$I$312,BD_PLAN!$B$3:$B$312,$C$9,BD_PLAN!$C$3:$C$312,$R35),"")) | M35: =IF($Q35=0,"",IF($T35<>$T34,$T35,"")) | N35: =IF($Q35=0,"",IF(OR($T35<>$T34,$U35<>$U34),$U35,"")) | O35: =IF($Q35=0,"",INDEX(BD_INSPECCION!E:E,$Q35)) -> LUBRICAR | P35: =IF($Q35=0,"",INDEX(BD_INSPECCION!F:F,$Q35)) -> RODAJES DE DIRECCIÓN | Q35: =IFERROR(MATCH($C$9&"|17",BD_INSPECCION!$G:$G,0),0) -> 19 | R35: =IF($A35=0,"",INDEX(BD_PLAN!C:C,$A35)) -> PM3 - 3000 KM | S35: =IF($A35=0,"",INDEX(BD_PLAN!D:D,$A35)) -> SERVICIO GENERAL | T35: =IF($Q35=0,"",INDEX(BD_INSPECCION!C:C,$Q35)) -> PM1 - 1000 KM | U35: =IF($Q35=0,"",INDEX(BD_INSPECCION!D:D,$Q35)) -> DIRECCIÓN
A36: =IFERROR(MATCH($C$9&"|18",BD_PLAN!$J:$J,0),0) -> 20 | B36: =IF($A36=0,"",IF($R36<>$R35,LEFT($R36,FIND(" ",$R36)-1),"")) | C36: =IF($A36=0,"",IF($R36<>$R35,INDEX(BD_CICLO!$E:$E,MATCH($C$9&"|"&$R36,BD_CICLO!$G:$G,0))&" "&$F$6,"")) | D36: =IF($A36=0,"",IF($R36<>$R35,IFERROR(1/(1/SUMPRODUCT(MAX((REGISTRO!$C$3:$C$2002=$C$6)*(REGISTRO!$H$3:$H$2002=$R36)*REGISTRO!$B$3:$B$2002))),""),"")) | E36: =IF($A36=0,"",IF(OR($R36<>$R35,$S36<>$S35),$S36,"")) | F36: =IF($A36=0,"",INDEX(BD_PLAN!E:E,$A36)) -> GASOLINA 90 OCT | G36: =IF($A36=0,"",INDEX(BD_PLAN!F:F,$A36)) -> 0.25 | H36: =IF($A36=0,"",INDEX(BD_PLAN!G:G,$A36)) -> GL | I36: =IF($A36=0,"",INDEX(BD_PLAN!H:H,$A36)) -> 24 | J36: =IF($A36=0,"",INDEX(BD_PLAN!I:I,$A36)) -> 6 | K36: =IF($A36=0,"",IF($R36<>$R35,SUMIFS(BD_PLAN!$I$3:$I$312,BD_PLAN!$B$3:$B$312,$C$9,BD_PLAN!$C$3:$C$312,$R36),"")) | M36: =IF($Q36=0,"",IF($T36<>$T35,$T36,"")) | N36: =IF($Q36=0,"",IF(OR($T36<>$T35,$U36<>$U35),$U36,"")) -> SUSPENSIÓN DELANTERA | O36: =IF($Q36=0,"",INDEX(BD_INSPECCION!E:E,$Q36)) -> INSPECCIONAR | P36: =IF($Q36=0,"",INDEX(BD_INSPECCION!F:F,$Q36)) -> HORQUILLAS: FUGAS DE RETENES Y FUNCIONAMIENTO | Q36: =IFERROR(MATCH($C$9&"|18",BD_INSPECCION!$G:$G,0),0) -> 20 | R36: =IF($A36=0,"",INDEX(BD_PLAN!C:C,$A36)) -> PM3 - 3000 KM | S36: =IF($A36=0,"",INDEX(BD_PLAN!D:D,$A36)) -> SERVICIO GENERAL | T36: =IF($Q36=0,"",INDEX(BD_INSPECCION!C:C,$Q36)) -> PM1 - 1000 KM | U36: =IF($Q36=0,"",INDEX(BD_INSPECCION!D:D,$Q36)) -> SUSPENSIÓN DELANTERA
A37: =IFERROR(MATCH($C$9&"|19",BD_PLAN!$J:$J,0),0) -> 21 | B37: =IF($A37=0,"",IF($R37<>$R36,LEFT($R37,FIND(" ",$R37)-1),"")) | C37: =IF($A37=0,"",IF($R37<>$R36,INDEX(BD_CICLO!$E:$E,MATCH($C$9&"|"&$R37,BD_CICLO!$G:$G,0))&" "&$F$6,"")) | D37: =IF($A37=0,"",IF($R37<>$R36,IFERROR(1/(1/SUMPRODUCT(MAX((REGISTRO!$C$3:$C$2002=$C$6)*(REGISTRO!$H$3:$H$2002=$R37)*REGISTRO!$B$3:$B$2002))),""),"")) | E37: =IF($A37=0,"",IF(OR($R37<>$R36,$S37<>$S36),$S37,"")) -> COMBUSTIBLE | F37: =IF($A37=0,"",INDEX(BD_PLAN!E:E,$A37)) -> LIMPIA CARBURADOR | G37: =IF($A37=0,"",INDEX(BD_PLAN!F:F,$A37)) -> 0.5 | H37: =IF($A37=0,"",INDEX(BD_PLAN!G:G,$A37)) -> UND. | I37: =IF($A37=0,"",INDEX(BD_PLAN!H:H,$A37)) -> 15 | J37: =IF($A37=0,"",INDEX(BD_PLAN!I:I,$A37)) -> 7.5 | K37: =IF($A37=0,"",IF($R37<>$R36,SUMIFS(BD_PLAN!$I$3:$I$312,BD_PLAN!$B$3:$B$312,$C$9,BD_PLAN!$C$3:$C$312,$R37),"")) | M37: =IF($Q37=0,"",IF($T37<>$T36,$T37,"")) | N37: =IF($Q37=0,"",IF(OR($T37<>$T36,$U37<>$U36),$U37,"")) -> SUSPENSIÓN TRASERA | O37: =IF($Q37=0,"",INDEX(BD_INSPECCION!E:E,$Q37)) -> INSPECCIONAR | P37: =IF($Q37=0,"",INDEX(BD_INSPECCION!F:F,$Q37)) -> MUELLES (HOJAS ROTAS), ABRAZADERAS, BUJES Y AMORTIGUADOR | Q37: =IFERROR(MATCH($C$9&"|19",BD_INSPECCION!$G:$G,0),0) -> 21 | R37: =IF($A37=0,"",INDEX(BD_PLAN!C:C,$A37)) -> PM3 - 3000 KM | S37: =IF($A37=0,"",INDEX(BD_PLAN!D:D,$A37)) -> COMBUSTIBLE | T37: =IF($Q37=0,"",INDEX(BD_INSPECCION!C:C,$Q37)) -> PM1 - 1000 KM | U37: =IF($Q37=0,"",INDEX(BD_INSPECCION!D:D,$Q37)) -> SUSPENSIÓN TRASERA
A38: =IFERROR(MATCH($C$9&"|20",BD_PLAN!$J:$J,0),0) -> 22 | B38: =IF($A38=0,"",IF($R38<>$R37,LEFT($R38,FIND(" ",$R38)-1),"")) -> PM4 | C38: =IF($A38=0,"",IF($R38<>$R37,INDEX(BD_CICLO!$E:$E,MATCH($C$9&"|"&$R38,BD_CICLO!$G:$G,0))&" "&$F$6,"")) -> 4000 KM | D38: =IF($A38=0,"",IF($R38<>$R37,IFERROR(1/(1/SUMPRODUCT(MAX((REGISTRO!$C$3:$C$2002=$C$6)*(REGISTRO!$H$3:$H$2002=$R38)*REGISTRO!$B$3:$B$2002))),""),"")) | E38: =IF($A38=0,"",IF(OR($R38<>$R37,$S38<>$S37),$S38,"")) -> MOTOR | F38: =IF($A38=0,"",INDEX(BD_PLAN!E:E,$A38)) -> ACEITE MOTOR 20W50 4T MINERAL | G38: =IF($A38=0,"",INDEX(BD_PLAN!F:F,$A38)) -> 1.5 | H38: =IF($A38=0,"",INDEX(BD_PLAN!G:G,$A38)) -> L | I38: =IF($A38=0,"",INDEX(BD_PLAN!H:H,$A38)) -> 20 | J38: =IF($A38=0,"",INDEX(BD_PLAN!I:I,$A38)) -> 30 | K38: =IF($A38=0,"",IF($R38<>$R37,SUMIFS(BD_PLAN!$I$3:$I$312,BD_PLAN!$B$3:$B$312,$C$9,BD_PLAN!$C$3:$C$312,$R38),"")) -> 105.25 | M38: =IF($Q38=0,"",IF($T38<>$T37,$T38,"")) | N38: =IF($Q38=0,"",IF(OR($T38<>$T37,$U38<>$U37),$U38,"")) -> CONTROLES | O38: =IF($Q38=0,"",INDEX(BD_INSPECCION!E:E,$Q38)) -> LUBRICAR | P38: =IF($Q38=0,"",INDEX(BD_INSPECCION!F:F,$Q38)) -> MANIJAS Y CABLES DE FRENO, EMBRAGUE Y ACELERADOR | Q38: =IFERROR(MATCH($C$9&"|20",BD_INSPECCION!$G:$G,0),0) -> 22 | R38: =IF($A38=0,"",INDEX(BD_PLAN!C:C,$A38)) -> PM4 - 4000 KM | S38: =IF($A38=0,"",INDEX(BD_PLAN!D:D,$A38)) -> MOTOR | T38: =IF($Q38=0,"",INDEX(BD_INSPECCION!C:C,$Q38)) -> PM1 - 1000 KM | U38: =IF($Q38=0,"",INDEX(BD_INSPECCION!D:D,$Q38)) -> CONTROLES
A39: =IFERROR(MATCH($C$9&"|21",BD_PLAN!$J:$J,0),0) -> 23 | B39: =IF($A39=0,"",IF($R39<>$R38,LEFT($R39,FIND(" ",$R39)-1),"")) | C39: =IF($A39=0,"",IF($R39<>$R38,INDEX(BD_CICLO!$E:$E,MATCH($C$9&"|"&$R39,BD_CICLO!$G:$G,0))&" "&$F$6,"")) | D39: =IF($A39=0,"",IF($R39<>$R38,IFERROR(1/(1/SUMPRODUCT(MAX((REGISTRO!$C$3:$C$2002=$C$6)*(REGISTRO!$H$3:$H$2002=$R39)*REGISTRO!$B$3:$B$2002))),""),"")) | E39: =IF($A39=0,"",IF(OR($R39<>$R38,$S39<>$S38),$S39,"")) | F39: =IF($A39=0,"",INDEX(BD_PLAN!E:E,$A39)) -> ARANDELA TAPÓN DE DRENAJE | G39: =IF($A39=0,"",INDEX(BD_PLAN!F:F,$A39)) -> 1 | H39: =IF($A39=0,"",INDEX(BD_PLAN!G:G,$A39)) -> UND. | I39: =IF($A39=0,"",INDEX(BD_PLAN!H:H,$A39)) -> 2 | J39: =IF($A39=0,"",INDEX(BD_PLAN!I:I,$A39)) -> 2 | K39: =IF($A39=0,"",IF($R39<>$R38,SUMIFS(BD_PLAN!$I$3:$I$312,BD_PLAN!$B$3:$B$312,$C$9,BD_PLAN!$C$3:$C$312,$R39),"")) | M39: =IF($Q39=0,"",IF($T39<>$T38,$T39,"")) | N39: =IF($Q39=0,"",IF(OR($T39<>$T38,$U39<>$U38),$U39,"")) -> RUEDAS | O39: =IF($Q39=0,"",INDEX(BD_INSPECCION!E:E,$Q39)) -> INSPECCIONAR | P39: =IF($Q39=0,"",INDEX(BD_INSPECCION!F:F,$Q39)) -> PRESIÓN, DESGASTE DE LLANTAS Y AJUSTE DE TUERCAS | Q39: =IFERROR(MATCH($C$9&"|21",BD_INSPECCION!$G:$G,0),0) -> 23 | R39: =IF($A39=0,"",INDEX(BD_PLAN!C:C,$A39)) -> PM4 - 4000 KM | S39: =IF($A39=0,"",INDEX(BD_PLAN!D:D,$A39)) -> MOTOR | T39: =IF($Q39=0,"",INDEX(BD_INSPECCION!C:C,$Q39)) -> PM1 - 1000 KM | U39: =IF($Q39=0,"",INDEX(BD_INSPECCION!D:D,$Q39)) -> RUEDAS
A40: =IFERROR(MATCH($C$9&"|22",BD_PLAN!$J:$J,0),0) -> 24 | B40: =IF($A40=0,"",IF($R40<>$R39,LEFT($R40,FIND(" ",$R40)-1),"")) | C40: =IF($A40=0,"",IF($R40<>$R39,INDEX(BD_CICLO!$E:$E,MATCH($C$9&"|"&$R40,BD_CICLO!$G:$G,0))&" "&$F$6,"")) | D40: =IF($A40=0,"",IF($R40<>$R39,IFERROR(1/(1/SUMPRODUCT(MAX((REGISTRO!$C$3:$C$2002=$C$6)*(REGISTRO!$H$3:$H$2002=$R40)*REGISTRO!$B$3:$B$2002))),""),"")) | E40: =IF($A40=0,"",IF(OR($R40<>$R39,$S40<>$S39),$S40,"")) -> COMBUSTIBLE | F40: =IF($A40=0,"",INDEX(BD_PLAN!E:E,$A40)) -> FILTRO DE GASOLINA EN LÍNEA | G40: =IF($A40=0,"",INDEX(BD_PLAN!F:F,$A40)) -> 1 | H40: =IF($A40=0,"",INDEX(BD_PLAN!G:G,$A40)) -> UND. | I40: =IF($A40=0,"",INDEX(BD_PLAN!H:H,$A40)) -> 8 | J40: =IF($A40=0,"",INDEX(BD_PLAN!I:I,$A40)) -> 8 | K40: =IF($A40=0,"",IF($R40<>$R39,SUMIFS(BD_PLAN!$I$3:$I$312,BD_PLAN!$B$3:$B$312,$C$9,BD_PLAN!$C$3:$C$312,$R40),"")) | M40: =IF($Q40=0,"",IF($T40<>$T39,$T40,"")) | N40: =IF($Q40=0,"",IF(OR($T40<>$T39,$U40<>$U39),$U40,"")) -> SISTEMA ELÉCTRICO | O40: =IF($Q40=0,"",INDEX(BD_INSPECCION!E:E,$Q40)) -> INSPECCIONAR | P40: =IF($Q40=0,"",INDEX(BD_INSPECCION!F:F,$Q40)) -> BATERÍA, BORNES, LUCES, CLAXON E INTERRUPTORES | Q40: =IFERROR(MATCH($C$9&"|22",BD_INSPECCION!$G:$G,0),0) -> 24 | R40: =IF($A40=0,"",INDEX(BD_PLAN!C:C,$A40)) -> PM4 - 4000 KM | S40: =IF($A40=0,"",INDEX(BD_PLAN!D:D,$A40)) -> COMBUSTIBLE | T40: =IF($Q40=0,"",INDEX(BD_INSPECCION!C:C,$Q40)) -> PM1 - 1000 KM | U40: =IF($Q40=0,"",INDEX(BD_INSPECCION!D:D,$Q40)) -> SISTEMA ELÉCTRICO
A41: =IFERROR(MATCH($C$9&"|23",BD_PLAN!$J:$J,0),0) -> 25 | B41: =IF($A41=0,"",IF($R41<>$R40,LEFT($R41,FIND(" ",$R41)-1),"")) | C41: =IF($A41=0,"",IF($R41<>$R40,INDEX(BD_CICLO!$E:$E,MATCH($C$9&"|"&$R41,BD_CICLO!$G:$G,0))&" "&$F$6,"")) | D41: =IF($A41=0,"",IF($R41<>$R40,IFERROR(1/(1/SUMPRODUCT(MAX((REGISTRO!$C$3:$C$2002=$C$6)*(REGISTRO!$H$3:$H$2002=$R41)*REGISTRO!$B$3:$B$2002))),""),"")) | E41: =IF($A41=0,"",IF(OR($R41<>$R40,$S41<>$S40),$S41,"")) | F41: =IF($A41=0,"",INDEX(BD_PLAN!E:E,$A41)) -> LIMPIA CARBURADOR | G41: =IF($A41=0,"",INDEX(BD_PLAN!F:F,$A41)) -> 0.5 | H41: =IF($A41=0,"",INDEX(BD_PLAN!G:G,$A41)) -> UND. | I41: =IF($A41=0,"",INDEX(BD_PLAN!H:H,$A41)) -> 15 | J41: =IF($A41=0,"",INDEX(BD_PLAN!I:I,$A41)) -> 7.5 | K41: =IF($A41=0,"",IF($R41<>$R40,SUMIFS(BD_PLAN!$I$3:$I$312,BD_PLAN!$B$3:$B$312,$C$9,BD_PLAN!$C$3:$C$312,$R41),"")) | M41: =IF($Q41=0,"",IF($T41<>$T40,$T41,"")) | N41: =IF($Q41=0,"",IF(OR($T41<>$T40,$U41<>$U40),$U41,"")) -> CHASIS / TOLVA | O41: =IF($Q41=0,"",INDEX(BD_INSPECCION!E:E,$Q41)) -> INSPECCIONAR | P41: =IF($Q41=0,"",INDEX(BD_INSPECCION!F:F,$Q41)) -> SOLDADURAS, PERNOS DE TOLVA Y BASTIDOR | Q41: =IFERROR(MATCH($C$9&"|23",BD_INSPECCION!$G:$G,0),0) -> 25 | R41: =IF($A41=0,"",INDEX(BD_PLAN!C:C,$A41)) -> PM4 - 4000 KM | S41: =IF($A41=0,"",INDEX(BD_PLAN!D:D,$A41)) -> COMBUSTIBLE | T41: =IF($Q41=0,"",INDEX(BD_INSPECCION!C:C,$Q41)) -> PM1 - 1000 KM | U41: =IF($Q41=0,"",INDEX(BD_INSPECCION!D:D,$Q41)) -> CHASIS / TOLVA
A42: =IFERROR(MATCH($C$9&"|24",BD_PLAN!$J:$J,0),0) -> 26 | B42: =IF($A42=0,"",IF($R42<>$R41,LEFT($R42,FIND(" ",$R42)-1),"")) | C42: =IF($A42=0,"",IF($R42<>$R41,INDEX(BD_CICLO!$E:$E,MATCH($C$9&"|"&$R42,BD_CICLO!$G:$G,0))&" "&$F$6,"")) | D42: =IF($A42=0,"",IF($R42<>$R41,IFERROR(1/(1/SUMPRODUCT(MAX((REGISTRO!$C$3:$C$2002=$C$6)*(REGISTRO!$H$3:$H$2002=$R42)*REGISTRO!$B$3:$B$2002))),""),"")) | E42: =IF($A42=0,"",IF(OR($R42<>$R41,$S42<>$S41),$S42,"")) -> ADMISIÓN DE AIRE | F42: =IF($A42=0,"",INDEX(BD_PLAN!E:E,$A42)) -> FILTRO DE AIRE MAVILA CARGO 250 | G42: =IF($A42=0,"",INDEX(BD_PLAN!F:F,$A42)) -> 1 | H42: =IF($A42=0,"",INDEX(BD_PLAN!G:G,$A42)) -> UND. | I42: =IF($A42=0,"",INDEX(BD_PLAN!H:H,$A42)) -> 30 | J42: =IF($A42=0,"",INDEX(BD_PLAN!I:I,$A42)) -> 30 | K42: =IF($A42=0,"",IF($R42<>$R41,SUMIFS(BD_PLAN!$I$3:$I$312,BD_PLAN!$B$3:$B$312,$C$9,BD_PLAN!$C$3:$C$312,$R42),"")) | M42: =IF($Q42=0,"",IF($T42<>$T41,$T42,"")) -> PM2 - 2000 KM | N42: =IF($Q42=0,"",IF(OR($T42<>$T41,$U42<>$U41),$U42,"")) -> MOTOR | O42: =IF($Q42=0,"",INDEX(BD_INSPECCION!E:E,$Q42)) -> INSPECCIONAR | P42: =IF($Q42=0,"",INDEX(BD_INSPECCION!F:F,$Q42)) -> LUZ DE VÁLVULAS (REGULAR SI ES NECESARIO) | Q42: =IFERROR(MATCH($C$9&"|24",BD_INSPECCION!$G:$G,0),0) -> 26 | R42: =IF($A42=0,"",INDEX(BD_PLAN!C:C,$A42)) -> PM4 - 4000 KM | S42: =IF($A42=0,"",INDEX(BD_PLAN!D:D,$A42)) -> ADMISIÓN DE AIRE | T42: =IF($Q42=0,"",INDEX(BD_INSPECCION!C:C,$Q42)) -> PM2 - 2000 KM | U42: =IF($Q42=0,"",INDEX(BD_INSPECCION!D:D,$Q42)) -> MOTOR
A43: =IFERROR(MATCH($C$9&"|25",BD_PLAN!$J:$J,0),0) -> 27 | B43: =IF($A43=0,"",IF($R43<>$R42,LEFT($R43,FIND(" ",$R43)-1),"")) | C43: =IF($A43=0,"",IF($R43<>$R42,INDEX(BD_CICLO!$E:$E,MATCH($C$9&"|"&$R43,BD_CICLO!$G:$G,0))&" "&$F$6,"")) | D43: =IF($A43=0,"",IF($R43<>$R42,IFERROR(1/(1/SUMPRODUCT(MAX((REGISTRO!$C$3:$C$2002=$C$6)*(REGISTRO!$H$3:$H$2002=$R43)*REGISTRO!$B$3:$B$2002))),""),"")) | E43: =IF($A43=0,"",IF(OR($R43<>$R42,$S43<>$S42),$S43,"")) -> ENCENDIDO | F43: =IF($A43=0,"",INDEX(BD_PLAN!E:E,$A43)) -> BUJÍA MAVILA CARGO 250 | G43: =IF($A43=0,"",INDEX(BD_PLAN!F:F,$A43)) -> 1 | H43: =IF($A43=0,"",INDEX(BD_PLAN!G:G,$A43)) -> UND. | I43: =IF($A43=0,"",INDEX(BD_PLAN!H:H,$A43)) -> 12 | J43: =IF($A43=0,"",INDEX(BD_PLAN!I:I,$A43)) -> 12 | K43: =IF($A43=0,"",IF($R43<>$R42,SUMIFS(BD_PLAN!$I$3:$I$312,BD_PLAN!$B$3:$B$312,$C$9,BD_PLAN!$C$3:$C$312,$R43),"")) | M43: =IF($Q43=0,"",IF($T43<>$T42,$T43,"")) | N43: =IF($Q43=0,"",IF(OR($T43<>$T42,$U43<>$U42),$U43,"")) | O43: =IF($Q43=0,"",INDEX(BD_INSPECCION!E:E,$Q43)) -> INSPECCIONAR | P43: =IF($Q43=0,"",INDEX(BD_INSPECCION!F:F,$Q43)) -> VELOCIDAD DE RALENTÍ | Q43: =IFERROR(MATCH($C$9&"|25",BD_INSPECCION!$G:$G,0),0) -> 27 | R43: =IF($A43=0,"",INDEX(BD_PLAN!C:C,$A43)) -> PM4 - 4000 KM | S43: =IF($A43=0,"",INDEX(BD_PLAN!D:D,$A43)) -> ENCENDIDO | T43: =IF($Q43=0,"",INDEX(BD_INSPECCION!C:C,$Q43)) -> PM2 - 2000 KM | U43: =IF($Q43=0,"",INDEX(BD_INSPECCION!D:D,$Q43)) -> MOTOR
A44: =IFERROR(MATCH($C$9&"|26",BD_PLAN!$J:$J,0),0) -> 28 | B44: =IF($A44=0,"",IF($R44<>$R43,LEFT($R44,FIND(" ",$R44)-1),"")) | C44: =IF($A44=0,"",IF($R44<>$R43,INDEX(BD_CICLO!$E:$E,MATCH($C$9&"|"&$R44,BD_CICLO!$G:$G,0))&" "&$F$6,"")) | D44: =IF($A44=0,"",IF($R44<>$R43,IFERROR(1/(1/SUMPRODUCT(MAX((REGISTRO!$C$3:$C$2002=$C$6)*(REGISTRO!$H$3:$H$2002=$R44)*REGISTRO!$B$3:$B$2002))),""),"")) | E44: =IF($A44=0,"",IF(OR($R44<>$R43,$S44<>$S43),$S44,"")) -> CHASIS | F44: =IF($A44=0,"",INDEX(BD_PLAN!E:E,$A44)) -> GRASA MULTIPROPÓSITO | G44: =IF($A44=0,"",INDEX(BD_PLAN!F:F,$A44)) -> 0.5 | H44: =IF($A44=0,"",INDEX(BD_PLAN!G:G,$A44)) -> LBRS | I44: =IF($A44=0,"",INDEX(BD_PLAN!H:H,$A44)) -> 15 | J44: =IF($A44=0,"",INDEX(BD_PLAN!I:I,$A44)) -> 7.5 | K44: =IF($A44=0,"",IF($R44<>$R43,SUMIFS(BD_PLAN!$I$3:$I$312,BD_PLAN!$B$3:$B$312,$C$9,BD_PLAN!$C$3:$C$312,$R44),"")) | M44: =IF($Q44=0,"",IF($T44<>$T43,$T44,"")) | N44: =IF($Q44=0,"",IF(OR($T44<>$T43,$U44<>$U43),$U44,"")) | O44: =IF($Q44=0,"",INDEX(BD_INSPECCION!E:E,$Q44)) -> INSPECCIONAR | P44: =IF($Q44=0,"",INDEX(BD_INSPECCION!F:F,$Q44)) -> FUGAS DE ACEITE Y ESTADO DE EMPAQUES | Q44: =IFERROR(MATCH($C$9&"|26",BD_INSPECCION!$G:$G,0),0) -> 28 | R44: =IF($A44=0,"",INDEX(BD_PLAN!C:C,$A44)) -> PM4 - 4000 KM | S44: =IF($A44=0,"",INDEX(BD_PLAN!D:D,$A44)) -> CHASIS | T44: =IF($Q44=0,"",INDEX(BD_INSPECCION!C:C,$Q44)) -> PM2 - 2000 KM | U44: =IF($Q44=0,"",INDEX(BD_INSPECCION!D:D,$Q44)) -> MOTOR
A45: =IFERROR(MATCH($C$9&"|27",BD_PLAN!$J:$J,0),0) -> 29 | B45: =IF($A45=0,"",IF($R45<>$R44,LEFT($R45,FIND(" ",$R45)-1),"")) | C45: =IF($A45=0,"",IF($R45<>$R44,INDEX(BD_CICLO!$E:$E,MATCH($C$9&"|"&$R45,BD_CICLO!$G:$G,0))&" "&$F$6,"")) | D45: =IF($A45=0,"",IF($R45<>$R44,IFERROR(1/(1/SUMPRODUCT(MAX((REGISTRO!$C$3:$C$2002=$C$6)*(REGISTRO!$H$3:$H$2002=$R45)*REGISTRO!$B$3:$B$2002))),""),"")) | E45: =IF($A45=0,"",IF(OR($R45<>$R44,$S45<>$S44),$S45,"")) -> SERVICIO GENERAL | F45: =IF($A45=0,"",INDEX(BD_PLAN!E:E,$A45)) -> TRAPO INDUSTRIAL | G45: =IF($A45=0,"",INDEX(BD_PLAN!F:F,$A45)) -> 0.5 | H45: =IF($A45=0,"",INDEX(BD_PLAN!G:G,$A45)) -> KG | I45: =IF($A45=0,"",INDEX(BD_PLAN!H:H,$A45)) -> 4.5 | J45: =IF($A45=0,"",INDEX(BD_PLAN!I:I,$A45)) -> 2.25 | K45: =IF($A45=0,"",IF($R45<>$R44,SUMIFS(BD_PLAN!$I$3:$I$312,BD_PLAN!$B$3:$B$312,$C$9,BD_PLAN!$C$3:$C$312,$R45),"")) | M45: =IF($Q45=0,"",IF($T45<>$T44,$T45,"")) | N45: =IF($Q45=0,"",IF(OR($T45<>$T44,$U45<>$U44),$U45,"")) | O45: =IF($Q45=0,"",INDEX(BD_INSPECCION!E:E,$Q45)) -> LIMPIAR | P45: =IF($Q45=0,"",INDEX(BD_INSPECCION!F:F,$Q45)) -> MALLA (COLADOR) DE ACEITE | Q45: =IFERROR(MATCH($C$9&"|27",BD_INSPECCION!$G:$G,0),0) -> 29 | R45: =IF($A45=0,"",INDEX(BD_PLAN!C:C,$A45)) -> PM4 - 4000 KM | S45: =IF($A45=0,"",INDEX(BD_PLAN!D:D,$A45)) -> SERVICIO GENERAL | T45: =IF($Q45=0,"",INDEX(BD_INSPECCION!C:C,$Q45)) -> PM2 - 2000 KM | U45: =IF($Q45=0,"",INDEX(BD_INSPECCION!D:D,$Q45)) -> MOTOR
A46: =IFERROR(MATCH($C$9&"|28",BD_PLAN!$J:$J,0),0) -> 30 | B46: =IF($A46=0,"",IF($R46<>$R45,LEFT($R46,FIND(" ",$R46)-1),"")) | C46: =IF($A46=0,"",IF($R46<>$R45,INDEX(BD_CICLO!$E:$E,MATCH($C$9&"|"&$R46,BD_CICLO!$G:$G,0))&" "&$F$6,"")) | D46: =IF($A46=0,"",IF($R46<>$R45,IFERROR(1/(1/SUMPRODUCT(MAX((REGISTRO!$C$3:$C$2002=$C$6)*(REGISTRO!$H$3:$H$2002=$R46)*REGISTRO!$B$3:$B$2002))),""),"")) | E46: =IF($A46=0,"",IF(OR($R46<>$R45,$S46<>$S45),$S46,"")) | F46: =IF($A46=0,"",INDEX(BD_PLAN!E:E,$A46)) -> GASOLINA 90 OCT | G46: =IF($A46=0,"",INDEX(BD_PLAN!F:F,$A46)) -> 0.25 | H46: =IF($A46=0,"",INDEX(BD_PLAN!G:G,$A46)) -> GL | I46: =IF($A46=0,"",INDEX(BD_PLAN!H:H,$A46)) -> 24 | J46: =IF($A46=0,"",INDEX(BD_PLAN!I:I,$A46)) -> 6 | K46: =IF($A46=0,"",IF($R46<>$R45,SUMIFS(BD_PLAN!$I$3:$I$312,BD_PLAN!$B$3:$B$312,$C$9,BD_PLAN!$C$3:$C$312,$R46),"")) | M46: =IF($Q46=0,"",IF($T46<>$T45,$T46,"")) | N46: =IF($Q46=0,"",IF(OR($T46<>$T45,$U46<>$U45),$U46,"")) -> ADMISIÓN DE AIRE | O46: =IF($Q46=0,"",INDEX(BD_INSPECCION!E:E,$Q46)) -> LIMPIAR | P46: =IF($Q46=0,"",INDEX(BD_INSPECCION!F:F,$Q46)) -> FILTRO DE AIRE | Q46: =IFERROR(MATCH($C$9&"|28",BD_INSPECCION!$G:$G,0),0) -> 30 | R46: =IF($A46=0,"",INDEX(BD_PLAN!C:C,$A46)) -> PM4 - 4000 KM | S46: =IF($A46=0,"",INDEX(BD_PLAN!D:D,$A46)) -> SERVICIO GENERAL | T46: =IF($Q46=0,"",INDEX(BD_INSPECCION!C:C,$Q46)) -> PM2 - 2000 KM | U46: =IF($Q46=0,"",INDEX(BD_INSPECCION!D:D,$Q46)) -> ADMISIÓN DE AIRE
A47: =IFERROR(MATCH($C$9&"|29",BD_PLAN!$J:$J,0),0) -> 31 | B47: =IF($A47=0,"",IF($R47<>$R46,LEFT($R47,FIND(" ",$R47)-1),"")) -> PM5 | C47: =IF($A47=0,"",IF($R47<>$R46,INDEX(BD_CICLO!$E:$E,MATCH($C$9&"|"&$R47,BD_CICLO!$G:$G,0))&" "&$F$6,"")) -> 5000 KM | D47: =IF($A47=0,"",IF($R47<>$R46,IFERROR(1/(1/SUMPRODUCT(MAX((REGISTRO!$C$3:$C$2002=$C$6)*(REGISTRO!$H$3:$H$2002=$R47)*REGISTRO!$B$3:$B$2002))),""),"")) | E47: =IF($A47=0,"",IF(OR($R47<>$R46,$S47<>$S46),$S47,"")) -> MOTOR | F47: =IF($A47=0,"",INDEX(BD_PLAN!E:E,$A47)) -> ACEITE MOTOR 20W50 4T MINERAL | G47: =IF($A47=0,"",INDEX(BD_PLAN!F:F,$A47)) -> 1.5 | H47: =IF($A47=0,"",INDEX(BD_PLAN!G:G,$A47)) -> L | I47: =IF($A47=0,"",INDEX(BD_PLAN!H:H,$A47)) -> 20 | J47: =IF($A47=0,"",INDEX(BD_PLAN!I:I,$A47)) -> 30 | K47: =IF($A47=0,"",IF($R47<>$R46,SUMIFS(BD_PLAN!$I$3:$I$312,BD_PLAN!$B$3:$B$312,$C$9,BD_PLAN!$C$3:$C$312,$R47),"")) -> 55.25 | M47: =IF($Q47=0,"",IF($T47<>$T46,$T47,"")) | N47: =IF($Q47=0,"",IF(OR($T47<>$T46,$U47<>$U46),$U47,"")) -> COMBUSTIBLE | O47: =IF($Q47=0,"",INDEX(BD_INSPECCION!E:E,$Q47)) -> INSPECCIONAR | P47: =IF($Q47=0,"",INDEX(BD_INSPECCION!F:F,$Q47)) -> MANGUERA DE COMBUSTIBLE (GRIETAS Y FUGAS) | Q47: =IFERROR(MATCH($C$9&"|29",BD_INSPECCION!$G:$G,0),0) -> 31 | R47: =IF($A47=0,"",INDEX(BD_PLAN!C:C,$A47)) -> PM5 - 5000 KM | S47: =IF($A47=0,"",INDEX(BD_PLAN!D:D,$A47)) -> MOTOR | T47: =IF($Q47=0,"",INDEX(BD_INSPECCION!C:C,$Q47)) -> PM2 - 2000 KM | U47: =IF($Q47=0,"",INDEX(BD_INSPECCION!D:D,$Q47)) -> COMBUSTIBLE
A48: =IFERROR(MATCH($C$9&"|30",BD_PLAN!$J:$J,0),0) -> 32 | B48: =IF($A48=0,"",IF($R48<>$R47,LEFT($R48,FIND(" ",$R48)-1),"")) | C48: =IF($A48=0,"",IF($R48<>$R47,INDEX(BD_CICLO!$E:$E,MATCH($C$9&"|"&$R48,BD_CICLO!$G:$G,0))&" "&$F$6,"")) | D48: =IF($A48=0,"",IF($R48<>$R47,IFERROR(1/(1/SUMPRODUCT(MAX((REGISTRO!$C$3:$C$2002=$C$6)*(REGISTRO!$H$3:$H$2002=$R48)*REGISTRO!$B$3:$B$2002))),""),"")) | E48: =IF($A48=0,"",IF(OR($R48<>$R47,$S48<>$S47),$S48,"")) | F48: =IF($A48=0,"",INDEX(BD_PLAN!E:E,$A48)) -> ARANDELA TAPÓN DE DRENAJE | G48: =IF($A48=0,"",INDEX(BD_PLAN!F:F,$A48)) -> 1 | H48: =IF($A48=0,"",INDEX(BD_PLAN!G:G,$A48)) -> UND. | I48: =IF($A48=0,"",INDEX(BD_PLAN!H:H,$A48)) -> 2 | J48: =IF($A48=0,"",INDEX(BD_PLAN!I:I,$A48)) -> 2 | K48: =IF($A48=0,"",IF($R48<>$R47,SUMIFS(BD_PLAN!$I$3:$I$312,BD_PLAN!$B$3:$B$312,$C$9,BD_PLAN!$C$3:$C$312,$R48),"")) | M48: =IF($Q48=0,"",IF($T48<>$T47,$T48,"")) | N48: =IF($Q48=0,"",IF(OR($T48<>$T47,$U48<>$U47),$U48,"")) | O48: =IF($Q48=0,"",INDEX(BD_INSPECCION!E:E,$Q48)) -> INSPECCIONAR | P48: =IF($Q48=0,"",INDEX(BD_INSPECCION!F:F,$Q48)) -> FUNCIONAMIENTO DEL ACELERADOR Y CHOKE | Q48: =IFERROR(MATCH($C$9&"|30",BD_INSPECCION!$G:$G,0),0) -> 32 | R48: =IF($A48=0,"",INDEX(BD_PLAN!C:C,$A48)) -> PM5 - 5000 KM | S48: =IF($A48=0,"",INDEX(BD_PLAN!D:D,$A48)) -> MOTOR | T48: =IF($Q48=0,"",INDEX(BD_INSPECCION!C:C,$Q48)) -> PM2 - 2000 KM | U48: =IF($Q48=0,"",INDEX(BD_INSPECCION!D:D,$Q48)) -> COMBUSTIBLE
A49: =IFERROR(MATCH($C$9&"|31",BD_PLAN!$J:$J,0),0) -> 33 | B49: =IF($A49=0,"",IF($R49<>$R48,LEFT($R49,FIND(" ",$R49)-1),"")) | C49: =IF($A49=0,"",IF($R49<>$R48,INDEX(BD_CICLO!$E:$E,MATCH($C$9&"|"&$R49,BD_CICLO!$G:$G,0))&" "&$F$6,"")) | D49: =IF($A49=0,"",IF($R49<>$R48,IFERROR(1/(1/SUMPRODUCT(MAX((REGISTRO!$C$3:$C$2002=$C$6)*(REGISTRO!$H$3:$H$2002=$R49)*REGISTRO!$B$3:$B$2002))),""),"")) | E49: =IF($A49=0,"",IF(OR($R49<>$R48,$S49<>$S48),$S49,"")) -> CHASIS | F49: =IF($A49=0,"",INDEX(BD_PLAN!E:E,$A49)) -> GRASA MULTIPROPÓSITO | G49: =IF($A49=0,"",INDEX(BD_PLAN!F:F,$A49)) -> 0.5 | H49: =IF($A49=0,"",INDEX(BD_PLAN!G:G,$A49)) -> LBRS | I49: =IF($A49=0,"",INDEX(BD_PLAN!H:H,$A49)) -> 15 | J49: =IF($A49=0,"",INDEX(BD_PLAN!I:I,$A49)) -> 7.5 | K49: =IF($A49=0,"",IF($R49<>$R48,SUMIFS(BD_PLAN!$I$3:$I$312,BD_PLAN!$B$3:$B$312,$C$9,BD_PLAN!$C$3:$C$312,$R49),"")) | M49: =IF($Q49=0,"",IF($T49<>$T48,$T49,"")) | N49: =IF($Q49=0,"",IF(OR($T49<>$T48,$U49<>$U48),$U49,"")) -> ENCENDIDO | O49: =IF($Q49=0,"",INDEX(BD_INSPECCION!E:E,$Q49)) -> INSPECCIONAR | P49: =IF($Q49=0,"",INDEX(BD_INSPECCION!F:F,$Q49)) -> BUJÍA: LIMPIAR Y CALIBRAR | Q49: =IFERROR(MATCH($C$9&"|31",BD_INSPECCION!$G:$G,0),0) -> 33 | R49: =IF($A49=0,"",INDEX(BD_PLAN!C:C,$A49)) -> PM5 - 5000 KM | S49: =IF($A49=0,"",INDEX(BD_PLAN!D:D,$A49)) -> CHASIS | T49: =IF($Q49=0,"",INDEX(BD_INSPECCION!C:C,$Q49)) -> PM2 - 2000 KM | U49: =IF($Q49=0,"",INDEX(BD_INSPECCION!D:D,$Q49)) -> ENCENDIDO
A50: =IFERROR(MATCH($C$9&"|32",BD_PLAN!$J:$J,0),0) -> 34 | B50: =IF($A50=0,"",IF($R50<>$R49,LEFT($R50,FIND(" ",$R50)-1),"")) | C50: =IF($A50=0,"",IF($R50<>$R49,INDEX(BD_CICLO!$E:$E,MATCH($C$9&"|"&$R50,BD_CICLO!$G:$G,0))&" "&$F$6,"")) | D50: =IF($A50=0,"",IF($R50<>$R49,IFERROR(1/(1/SUMPRODUCT(MAX((REGISTRO!$C$3:$C$2002=$C$6)*(REGISTRO!$H$3:$H$2002=$R50)*REGISTRO!$B$3:$B$2002))),""),"")) | E50: =IF($A50=0,"",IF(OR($R50<>$R49,$S50<>$S49),$S50,"")) -> SERVICIO GENERAL | F50: =IF($A50=0,"",INDEX(BD_PLAN!E:E,$A50)) -> TRAPO INDUSTRIAL | G50: =IF($A50=0,"",INDEX(BD_PLAN!F:F,$A50)) -> 0.5 | H50: =IF($A50=0,"",INDEX(BD_PLAN!G:G,$A50)) -> KG | I50: =IF($A50=0,"",INDEX(BD_PLAN!H:H,$A50)) -> 4.5 | J50: =IF($A50=0,"",INDEX(BD_PLAN!I:I,$A50)) -> 2.25 | K50: =IF($A50=0,"",IF($R50<>$R49,SUMIFS(BD_PLAN!$I$3:$I$312,BD_PLAN!$B$3:$B$312,$C$9,BD_PLAN!$C$3:$C$312,$R50),"")) | M50: =IF($Q50=0,"",IF($T50<>$T49,$T50,"")) | N50: =IF($Q50=0,"",IF(OR($T50<>$T49,$U50<>$U49),$U50,"")) -> TRANSMISIÓN | O50: =IF($Q50=0,"",INDEX(BD_INSPECCION!E:E,$Q50)) -> INSPECCIONAR | P50: =IF($Q50=0,"",INDEX(BD_INSPECCION!F:F,$Q50)) -> EMBRAGUE (JUEGO LIBRE DEL CABLE) Y CAMBIOS | Q50: =IFERROR(MATCH($C$9&"|32",BD_INSPECCION!$G:$G,0),0) -> 34 | R50: =IF($A50=0,"",INDEX(BD_PLAN!C:C,$A50)) -> PM5 - 5000 KM | S50: =IF($A50=0,"",INDEX(BD_PLAN!D:D,$A50)) -> SERVICIO GENERAL | T50: =IF($Q50=0,"",INDEX(BD_INSPECCION!C:C,$Q50)) -> PM2 - 2000 KM | U50: =IF($Q50=0,"",INDEX(BD_INSPECCION!D:D,$Q50)) -> TRANSMISIÓN
A51: =IFERROR(MATCH($C$9&"|33",BD_PLAN!$J:$J,0),0) -> 35 | B51: =IF($A51=0,"",IF($R51<>$R50,LEFT($R51,FIND(" ",$R51)-1),"")) | C51: =IF($A51=0,"",IF($R51<>$R50,INDEX(BD_CICLO!$E:$E,MATCH($C$9&"|"&$R51,BD_CICLO!$G:$G,0))&" "&$F$6,"")) | D51: =IF($A51=0,"",IF($R51<>$R50,IFERROR(1/(1/SUMPRODUCT(MAX((REGISTRO!$C$3:$C$2002=$C$6)*(REGISTRO!$H$3:$H$2002=$R51)*REGISTRO!$B$3:$B$2002))),""),"")) | E51: =IF($A51=0,"",IF(OR($R51<>$R50,$S51<>$S50),$S51,"")) | F51: =IF($A51=0,"",INDEX(BD_PLAN!E:E,$A51)) -> GASOLINA 90 OCT | G51: =IF($A51=0,"",INDEX(BD_PLAN!F:F,$A51)) -> 0.25 | H51: =IF($A51=0,"",INDEX(BD_PLAN!G:G,$A51)) -> GL | I51: =IF($A51=0,"",INDEX(BD_PLAN!H:H,$A51)) -> 24 | J51: =IF($A51=0,"",INDEX(BD_PLAN!I:I,$A51)) -> 6 | K51: =IF($A51=0,"",IF($R51<>$R50,SUMIFS(BD_PLAN!$I$3:$I$312,BD_PLAN!$B$3:$B$312,$C$9,BD_PLAN!$C$3:$C$312,$R51),"")) | M51: =IF($Q51=0,"",IF($T51<>$T50,$T51,"")) | N51: =IF($Q51=0,"",IF(OR($T51<>$T50,$U51<>$U50),$U51,"")) -> CARDÁN | O51: =IF($Q51=0,"",INDEX(BD_INSPECCION!E:E,$Q51)) -> INSPECCIONAR | P51: =IF($Q51=0,"",INDEX(BD_INSPECCION!F:F,$Q51)) -> CRUCETAS (JUEGO) Y GUARDAPOLVOS | Q51: =IFERROR(MATCH($C$9&"|33",BD_INSPECCION!$G:$G,0),0) -> 35 | R51: =IF($A51=0,"",INDEX(BD_PLAN!C:C,$A51)) -> PM5 - 5000 KM | S51: =IF($A51=0,"",INDEX(BD_PLAN!D:D,$A51)) -> SERVICIO GENERAL | T51: =IF($Q51=0,"",INDEX(BD_INSPECCION!C:C,$Q51)) -> PM2 - 2000 KM | U51: =IF($Q51=0,"",INDEX(BD_INSPECCION!D:D,$Q51)) -> CARDÁN
A52: =IFERROR(MATCH($C$9&"|34",BD_PLAN!$J:$J,0),0) -> 36 | B52: =IF($A52=0,"",IF($R52<>$R51,LEFT($R52,FIND(" ",$R52)-1),"")) | C52: =IF($A52=0,"",IF($R52<>$R51,INDEX(BD_CICLO!$E:$E,MATCH($C$9&"|"&$R52,BD_CICLO!$G:$G,0))&" "&$F$6,"")) | D52: =IF($A52=0,"",IF($R52<>$R51,IFERROR(1/(1/SUMPRODUCT(MAX((REGISTRO!$C$3:$C$2002=$C$6)*(REGISTRO!$H$3:$H$2002=$R52)*REGISTRO!$B$3:$B$2002))),""),"")) | E52: =IF($A52=0,"",IF(OR($R52<>$R51,$S52<>$S51),$S52,"")) -> COMBUSTIBLE | F52: =IF($A52=0,"",INDEX(BD_PLAN!E:E,$A52)) -> LIMPIA CARBURADOR | G52: =IF($A52=0,"",INDEX(BD_PLAN!F:F,$A52)) -> 0.5 | H52: =IF($A52=0,"",INDEX(BD_PLAN!G:G,$A52)) -> UND. | I52: =IF($A52=0,"",INDEX(BD_PLAN!H:H,$A52)) -> 15 | J52: =IF($A52=0,"",INDEX(BD_PLAN!I:I,$A52)) -> 7.5 | K52: =IF($A52=0,"",IF($R52<>$R51,SUMIFS(BD_PLAN!$I$3:$I$312,BD_PLAN!$B$3:$B$312,$C$9,BD_PLAN!$C$3:$C$312,$R52),"")) | M52: =IF($Q52=0,"",IF($T52<>$T51,$T52,"")) | N52: =IF($Q52=0,"",IF(OR($T52<>$T51,$U52<>$U51),$U52,"")) | O52: =IF($Q52=0,"",INDEX(BD_INSPECCION!E:E,$Q52)) -> LUBRICAR | P52: =IF($Q52=0,"",INDEX(BD_INSPECCION!F:F,$Q52)) -> CRUCETAS Y ESTRIADO DEL CARDÁN | Q52: =IFERROR(MATCH($C$9&"|34",BD_INSPECCION!$G:$G,0),0) -> 36 | R52: =IF($A52=0,"",INDEX(BD_PLAN!C:C,$A52)) -> PM5 - 5000 KM | S52: =IF($A52=0,"",INDEX(BD_PLAN!D:D,$A52)) -> COMBUSTIBLE | T52: =IF($Q52=0,"",INDEX(BD_INSPECCION!C:C,$Q52)) -> PM2 - 2000 KM | U52: =IF($Q52=0,"",INDEX(BD_INSPECCION!D:D,$Q52)) -> CARDÁN
A53: =IFERROR(MATCH($C$9&"|35",BD_PLAN!$J:$J,0),0) -> 37 | B53: =IF($A53=0,"",IF($R53<>$R52,LEFT($R53,FIND(" ",$R53)-1),"")) -> PM6 | C53: =IF($A53=0,"",IF($R53<>$R52,INDEX(BD_CICLO!$E:$E,MATCH($C$9&"|"&$R53,BD_CICLO!$G:$G,0))&" "&$F$6,"")) -> 6000 KM | D53: =IF($A53=0,"",IF($R53<>$R52,IFERROR(1/(1/SUMPRODUCT(MAX((REGISTRO!$C$3:$C$2002=$C$6)*(REGISTRO!$H$3:$H$2002=$R53)*REGISTRO!$B$3:$B$2002))),""),"")) | E53: =IF($A53=0,"",IF(OR($R53<>$R52,$S53<>$S52),$S53,"")) -> MOTOR | F53: =IF($A53=0,"",INDEX(BD_PLAN!E:E,$A53)) -> ACEITE MOTOR 20W50 4T MINERAL | G53: =IF($A53=0,"",INDEX(BD_PLAN!F:F,$A53)) -> 1.5 | H53: =IF($A53=0,"",INDEX(BD_PLAN!G:G,$A53)) -> L | I53: =IF($A53=0,"",INDEX(BD_PLAN!H:H,$A53)) -> 20 | J53: =IF($A53=0,"",INDEX(BD_PLAN!I:I,$A53)) -> 30 | K53: =IF($A53=0,"",IF($R53<>$R52,SUMIFS(BD_PLAN!$I$3:$I$312,BD_PLAN!$B$3:$B$312,$C$9,BD_PLAN!$C$3:$C$312,$R53),"")) -> 130.25 | M53: =IF($Q53=0,"",IF($T53<>$T52,$T53,"")) | N53: =IF($Q53=0,"",IF(OR($T53<>$T52,$U53<>$U52),$U53,"")) -> DIFERENCIAL | O53: =IF($Q53=0,"",INDEX(BD_INSPECCION!E:E,$Q53)) -> INSPECCIONAR | P53: =IF($Q53=0,"",INDEX(BD_INSPECCION!F:F,$Q53)) -> NIVEL DE ACEITE Y FUGAS | Q53: =IFERROR(MATCH($C$9&"|35",BD_INSPECCION!$G:$G,0),0) -> 37 | R53: =IF($A53=0,"",INDEX(BD_PLAN!C:C,$A53)) -> PM6 - 6000 KM | S53: =IF($A53=0,"",INDEX(BD_PLAN!D:D,$A53)) -> MOTOR | T53: =IF($Q53=0,"",INDEX(BD_INSPECCION!C:C,$Q53)) -> PM2 - 2000 KM | U53: =IF($Q53=0,"",INDEX(BD_INSPECCION!D:D,$Q53)) -> DIFERENCIAL
A54: =IFERROR(MATCH($C$9&"|36",BD_PLAN!$J:$J,0),0) -> 38 | B54: =IF($A54=0,"",IF($R54<>$R53,LEFT($R54,FIND(" ",$R54)-1),"")) | C54: =IF($A54=0,"",IF($R54<>$R53,INDEX(BD_CICLO!$E:$E,MATCH($C$9&"|"&$R54,BD_CICLO!$G:$G,0))&" "&$F$6,"")) | D54: =IF($A54=0,"",IF($R54<>$R53,IFERROR(1/(1/SUMPRODUCT(MAX((REGISTRO!$C$3:$C$2002=$C$6)*(REGISTRO!$H$3:$H$2002=$R54)*REGISTRO!$B$3:$B$2002))),""),"")) | E54: =IF($A54=0,"",IF(OR($R54<>$R53,$S54<>$S53),$S54,"")) | F54: =IF($A54=0,"",INDEX(BD_PLAN!E:E,$A54)) -> ARANDELA TAPÓN DE DRENAJE | G54: =IF($A54=0,"",INDEX(BD_PLAN!F:F,$A54)) -> 1 | H54: =IF($A54=0,"",INDEX(BD_PLAN!G:G,$A54)) -> UND. | I54: =IF($A54=0,"",INDEX(BD_PLAN!H:H,$A54)) -> 2 | J54: =IF($A54=0,"",INDEX(BD_PLAN!I:I,$A54)) -> 2 | K54: =IF($A54=0,"",IF($R54<>$R53,SUMIFS(BD_PLAN!$I$3:$I$312,BD_PLAN!$B$3:$B$312,$C$9,BD_PLAN!$C$3:$C$312,$R54),"")) | M54: =IF($Q54=0,"",IF($T54<>$T53,$T54,"")) | N54: =IF($Q54=0,"",IF(OR($T54<>$T53,$U54<>$U53),$U54,"")) | O54: =IF($Q54=0,"",INDEX(BD_INSPECCION!E:E,$Q54)) -> INSPECCIONAR | P54: =IF($Q54=0,"",INDEX(BD_INSPECCION!F:F,$Q54)) -> RUIDOS Y RESPIRADERO | Q54: =IFERROR(MATCH($C$9&"|36",BD_INSPECCION!$G:$G,0),0) -> 38 | R54: =IF($A54=0,"",INDEX(BD_PLAN!C:C,$A54)) -> PM6 - 6000 KM | S54: =IF($A54=0,"",INDEX(BD_PLAN!D:D,$A54)) -> MOTOR | T54: =IF($Q54=0,"",INDEX(BD_INSPECCION!C:C,$Q54)) -> PM2 - 2000 KM | U54: =IF($Q54=0,"",INDEX(BD_INSPECCION!D:D,$Q54)) -> DIFERENCIAL
A55: =IFERROR(MATCH($C$9&"|37",BD_PLAN!$J:$J,0),0) -> 39 | B55: =IF($A55=0,"",IF($R55<>$R54,LEFT($R55,FIND(" ",$R55)-1),"")) | C55: =IF($A55=0,"",IF($R55<>$R54,INDEX(BD_CICLO!$E:$E,MATCH($C$9&"|"&$R55,BD_CICLO!$G:$G,0))&" "&$F$6,"")) | D55: =IF($A55=0,"",IF($R55<>$R54,IFERROR(1/(1/SUMPRODUCT(MAX((REGISTRO!$C$3:$C$2002=$C$6)*(REGISTRO!$H$3:$H$2002=$R55)*REGISTRO!$B$3:$B$2002))),""),"")) | E55: =IF($A55=0,"",IF(OR($R55<>$R54,$S55<>$S54),$S55,"")) -> COMBUSTIBLE | F55: =IF($A55=0,"",INDEX(BD_PLAN!E:E,$A55)) -> FILTRO DE GASOLINA EN LÍNEA | G55: =IF($A55=0,"",INDEX(BD_PLAN!F:F,$A55)) -> 1 | H55: =IF($A55=0,"",INDEX(BD_PLAN!G:G,$A55)) -> UND. | I55: =IF($A55=0,"",INDEX(BD_PLAN!H:H,$A55)) -> 8 | J55: =IF($A55=0,"",INDEX(BD_PLAN!I:I,$A55)) -> 8 | K55: =IF($A55=0,"",IF($R55<>$R54,SUMIFS(BD_PLAN!$I$3:$I$312,BD_PLAN!$B$3:$B$312,$C$9,BD_PLAN!$C$3:$C$312,$R55),"")) | M55: =IF($Q55=0,"",IF($T55<>$T54,$T55,"")) | N55: =IF($Q55=0,"",IF(OR($T55<>$T54,$U55<>$U54),$U55,"")) -> EJES / RODAJES | O55: =IF($Q55=0,"",INDEX(BD_INSPECCION!E:E,$Q55)) -> INSPECCIONAR | P55: =IF($Q55=0,"",INDEX(BD_INSPECCION!F:F,$Q55)) -> PALIERES, RODAJES DE RUEDA Y RETENES (JUEGO, RUIDO Y FUGAS) | Q55: =IFERROR(MATCH($C$9&"|37",BD_INSPECCION!$G:$G,0),0) -> 39 | R55: =IF($A55=0,"",INDEX(BD_PLAN!C:C,$A55)) -> PM6 - 6000 KM | S55: =IF($A55=0,"",INDEX(BD_PLAN!D:D,$A55)) -> COMBUSTIBLE | T55: =IF($Q55=0,"",INDEX(BD_INSPECCION!C:C,$Q55)) -> PM2 - 2000 KM | U55: =IF($Q55=0,"",INDEX(BD_INSPECCION!D:D,$Q55)) -> EJES / RODAJES
A56: =IFERROR(MATCH($C$9&"|38",BD_PLAN!$J:$J,0),0) -> 40 | B56: =IF($A56=0,"",IF($R56<>$R55,LEFT($R56,FIND(" ",$R56)-1),"")) | C56: =IF($A56=0,"",IF($R56<>$R55,INDEX(BD_CICLO!$E:$E,MATCH($C$9&"|"&$R56,BD_CICLO!$G:$G,0))&" "&$F$6,"")) | D56: =IF($A56=0,"",IF($R56<>$R55,IFERROR(1/(1/SUMPRODUCT(MAX((REGISTRO!$C$3:$C$2002=$C$6)*(REGISTRO!$H$3:$H$2002=$R56)*REGISTRO!$B$3:$B$2002))),""),"")) | E56: =IF($A56=0,"",IF(OR($R56<>$R55,$S56<>$S55),$S56,"")) | F56: =IF($A56=0,"",INDEX(BD_PLAN!E:E,$A56)) -> LIMPIA CARBURADOR | G56: =IF($A56=0,"",INDEX(BD_PLAN!F:F,$A56)) -> 0.5 | H56: =IF($A56=0,"",INDEX(BD_PLAN!G:G,$A56)) -> UND. | I56: =IF($A56=0,"",INDEX(BD_PLAN!H:H,$A56)) -> 15 | J56: =IF($A56=0,"",INDEX(BD_PLAN!I:I,$A56)) -> 7.5 | K56: =IF($A56=0,"",IF($R56<>$R55,SUMIFS(BD_PLAN!$I$3:$I$312,BD_PLAN!$B$3:$B$312,$C$9,BD_PLAN!$C$3:$C$312,$R56),"")) | M56: =IF($Q56=0,"",IF($T56<>$T55,$T56,"")) | N56: =IF($Q56=0,"",IF(OR($T56<>$T55,$U56<>$U55),$U56,"")) -> FRENOS | O56: =IF($Q56=0,"",INDEX(BD_INSPECCION!E:E,$Q56)) -> INSPECCIONAR | P56: =IF($Q56=0,"",INDEX(BD_INSPECCION!F:F,$Q56)) -> ZAPATAS, TAMBORES, CABLES Y JUEGO LIBRE DE PALANCA Y PEDAL | Q56: =IFERROR(MATCH($C$9&"|38",BD_INSPECCION!$G:$G,0),0) -> 40 | R56: =IF($A56=0,"",INDEX(BD_PLAN!C:C,$A56)) -> PM6 - 6000 KM | S56: =IF($A56=0,"",INDEX(BD_PLAN!D:D,$A56)) -> COMBUSTIBLE | T56: =IF($Q56=0,"",INDEX(BD_INSPECCION!C:C,$Q56)) -> PM2 - 2000 KM | U56: =IF($Q56=0,"",INDEX(BD_INSPECCION!D:D,$Q56)) -> FRENOS
A57: =IFERROR(MATCH($C$9&"|39",BD_PLAN!$J:$J,0),0) -> 41 | B57: =IF($A57=0,"",IF($R57<>$R56,LEFT($R57,FIND(" ",$R57)-1),"")) | C57: =IF($A57=0,"",IF($R57<>$R56,INDEX(BD_CICLO!$E:$E,MATCH($C$9&"|"&$R57,BD_CICLO!$G:$G,0))&" "&$F$6,"")) | D57: =IF($A57=0,"",IF($R57<>$R56,IFERROR(1/(1/SUMPRODUCT(MAX((REGISTRO!$C$3:$C$2002=$C$6)*(REGISTRO!$H$3:$H$2002=$R57)*REGISTRO!$B$3:$B$2002))),""),"")) | E57: =IF($A57=0,"",IF(OR($R57<>$R56,$S57<>$S56),$S57,"")) -> ADMISIÓN DE AIRE | F57: =IF($A57=0,"",INDEX(BD_PLAN!E:E,$A57)) -> FILTRO DE AIRE MAVILA CARGO 250 | G57: =IF($A57=0,"",INDEX(BD_PLAN!F:F,$A57)) -> 1 | H57: =IF($A57=0,"",INDEX(BD_PLAN!G:G,$A57)) -> UND. | I57: =IF($A57=0,"",INDEX(BD_PLAN!H:H,$A57)) -> 30 | J57: =IF($A57=0,"",INDEX(BD_PLAN!I:I,$A57)) -> 30 | K57: =IF($A57=0,"",IF($R57<>$R56,SUMIFS(BD_PLAN!$I$3:$I$312,BD_PLAN!$B$3:$B$312,$C$9,BD_PLAN!$C$3:$C$312,$R57),"")) | M57: =IF($Q57=0,"",IF($T57<>$T56,$T57,"")) | N57: =IF($Q57=0,"",IF(OR($T57<>$T56,$U57<>$U56),$U57,"")) -> DIRECCIÓN | O57: =IF($Q57=0,"",INDEX(BD_INSPECCION!E:E,$Q57)) -> INSPECCIONAR | P57: =IF($Q57=0,"",INDEX(BD_INSPECCION!F:F,$Q57)) -> RODAJES DE DIRECCIÓN Y JUEGO DEL TIMÓN | Q57: =IFERROR(MATCH($C$9&"|39",BD_INSPECCION!$G:$G,0),0) -> 41 | R57: =IF($A57=0,"",INDEX(BD_PLAN!C:C,$A57)) -> PM6 - 6000 KM | S57: =IF($A57=0,"",INDEX(BD_PLAN!D:D,$A57)) -> ADMISIÓN DE AIRE | T57: =IF($Q57=0,"",INDEX(BD_INSPECCION!C:C,$Q57)) -> PM2 - 2000 KM | U57: =IF($Q57=0,"",INDEX(BD_INSPECCION!D:D,$Q57)) -> DIRECCIÓN
A58: =IFERROR(MATCH($C$9&"|40",BD_PLAN!$J:$J,0),0) -> 42 | B58: =IF($A58=0,"",IF($R58<>$R57,LEFT($R58,FIND(" ",$R58)-1),"")) | C58: =IF($A58=0,"",IF($R58<>$R57,INDEX(BD_CICLO!$E:$E,MATCH($C$9&"|"&$R58,BD_CICLO!$G:$G,0))&" "&$F$6,"")) | D58: =IF($A58=0,"",IF($R58<>$R57,IFERROR(1/(1/SUMPRODUCT(MAX((REGISTRO!$C$3:$C$2002=$C$6)*(REGISTRO!$H$3:$H$2002=$R58)*REGISTRO!$B$3:$B$2002))),""),"")) | E58: =IF($A58=0,"",IF(OR($R58<>$R57,$S58<>$S57),$S58,"")) -> ENCENDIDO | F58: =IF($A58=0,"",INDEX(BD_PLAN!E:E,$A58)) -> BUJÍA MAVILA CARGO 250 | G58: =IF($A58=0,"",INDEX(BD_PLAN!F:F,$A58)) -> 1 | H58: =IF($A58=0,"",INDEX(BD_PLAN!G:G,$A58)) -> UND. | I58: =IF($A58=0,"",INDEX(BD_PLAN!H:H,$A58)) -> 12 | J58: =IF($A58=0,"",INDEX(BD_PLAN!I:I,$A58)) -> 12 | K58: =IF($A58=0,"",IF($R58<>$R57,SUMIFS(BD_PLAN!$I$3:$I$312,BD_PLAN!$B$3:$B$312,$C$9,BD_PLAN!$C$3:$C$312,$R58),"")) | M58: =IF($Q58=0,"",IF($T58<>$T57,$T58,"")) | N58: =IF($Q58=0,"",IF(OR($T58<>$T57,$U58<>$U57),$U58,"")) | O58: =IF($Q58=0,"",INDEX(BD_INSPECCION!E:E,$Q58)) -> LUBRICAR | P58: =IF($Q58=0,"",INDEX(BD_INSPECCION!F:F,$Q58)) -> RODAJES DE DIRECCIÓN | Q58: =IFERROR(MATCH($C$9&"|40",BD_INSPECCION!$G:$G,0),0) -> 42 | R58: =IF($A58=0,"",INDEX(BD_PLAN!C:C,$A58)) -> PM6 - 6000 KM | S58: =IF($A58=0,"",INDEX(BD_PLAN!D:D,$A58)) -> ENCENDIDO | T58: =IF($Q58=0,"",INDEX(BD_INSPECCION!C:C,$Q58)) -> PM2 - 2000 KM | U58: =IF($Q58=0,"",INDEX(BD_INSPECCION!D:D,$Q58)) -> DIRECCIÓN
A59: =IFERROR(MATCH($C$9&"|41",BD_PLAN!$J:$J,0),0) -> 43 | B59: =IF($A59=0,"",IF($R59<>$R58,LEFT($R59,FIND(" ",$R59)-1),"")) | C59: =IF($A59=0,"",IF($R59<>$R58,INDEX(BD_CICLO!$E:$E,MATCH($C$9&"|"&$R59,BD_CICLO!$G:$G,0))&" "&$F$6,"")) | D59: =IF($A59=0,"",IF($R59<>$R58,IFERROR(1/(1/SUMPRODUCT(MAX((REGISTRO!$C$3:$C$2002=$C$6)*(REGISTRO!$H$3:$H$2002=$R59)*REGISTRO!$B$3:$B$2002))),""),"")) | E59: =IF($A59=0,"",IF(OR($R59<>$R58,$S59<>$S58),$S59,"")) -> DIFERENCIAL | F59: =IF($A59=0,"",INDEX(BD_PLAN!E:E,$A59)) -> ACEITE DIFERENCIAL 80W90 | G59: =IF($A59=0,"",INDEX(BD_PLAN!F:F,$A59)) -> 1 | H59: =IF($A59=0,"",INDEX(BD_PLAN!G:G,$A59)) -> L | I59: =IF($A59=0,"",INDEX(BD_PLAN!H:H,$A59)) -> 25 | J59: =IF($A59=0,"",INDEX(BD_PLAN!I:I,$A59)) -> 25 | K59: =IF($A59=0,"",IF($R59<>$R58,SUMIFS(BD_PLAN!$I$3:$I$312,BD_PLAN!$B$3:$B$312,$C$9,BD_PLAN!$C$3:$C$312,$R59),"")) | M59: =IF($Q59=0,"",IF($T59<>$T58,$T59,"")) | N59: =IF($Q59=0,"",IF(OR($T59<>$T58,$U59<>$U58),$U59,"")) -> SUSPENSIÓN DELANTERA | O59: =IF($Q59=0,"",INDEX(BD_INSPECCION!E:E,$Q59)) -> INSPECCIONAR | P59: =IF($Q59=0,"",INDEX(BD_INSPECCION!F:F,$Q59)) -> HORQUILLAS: FUGAS DE RETENES Y FUNCIONAMIENTO | Q59: =IFERROR(MATCH($C$9&"|41",BD_INSPECCION!$G:$G,0),0) -> 43 | R59: =IF($A59=0,"",INDEX(BD_PLAN!C:C,$A59)) -> PM6 - 6000 KM | S59: =IF($A59=0,"",INDEX(BD_PLAN!D:D,$A59)) -> DIFERENCIAL | T59: =IF($Q59=0,"",INDEX(BD_INSPECCION!C:C,$Q59)) -> PM2 - 2000 KM | U59: =IF($Q59=0,"",INDEX(BD_INSPECCION!D:D,$Q59)) -> SUSPENSIÓN DELANTERA
A60: =IFERROR(MATCH($C$9&"|42",BD_PLAN!$J:$J,0),0) -> 44 | B60: =IF($A60=0,"",IF($R60<>$R59,LEFT($R60,FIND(" ",$R60)-1),"")) | C60: =IF($A60=0,"",IF($R60<>$R59,INDEX(BD_CICLO!$E:$E,MATCH($C$9&"|"&$R60,BD_CICLO!$G:$G,0))&" "&$F$6,"")) | D60: =IF($A60=0,"",IF($R60<>$R59,IFERROR(1/(1/SUMPRODUCT(MAX((REGISTRO!$C$3:$C$2002=$C$6)*(REGISTRO!$H$3:$H$2002=$R60)*REGISTRO!$B$3:$B$2002))),""),"")) | E60: =IF($A60=0,"",IF(OR($R60<>$R59,$S60<>$S59),$S60,"")) -> CHASIS | F60: =IF($A60=0,"",INDEX(BD_PLAN!E:E,$A60)) -> GRASA MULTIPROPÓSITO | G60: =IF($A60=0,"",INDEX(BD_PLAN!F:F,$A60)) -> 0.5 | H60: =IF($A60=0,"",INDEX(BD_PLAN!G:G,$A60)) -> LBRS | I60: =IF($A60=0,"",INDEX(BD_PLAN!H:H,$A60)) -> 15 | J60: =IF($A60=0,"",INDEX(BD_PLAN!I:I,$A60)) -> 7.5 | K60: =IF($A60=0,"",IF($R60<>$R59,SUMIFS(BD_PLAN!$I$3:$I$312,BD_PLAN!$B$3:$B$312,$C$9,BD_PLAN!$C$3:$C$312,$R60),"")) | M60: =IF($Q60=0,"",IF($T60<>$T59,$T60,"")) | N60: =IF($Q60=0,"",IF(OR($T60<>$T59,$U60<>$U59),$U60,"")) -> SUSPENSIÓN TRASERA | O60: =IF($Q60=0,"",INDEX(BD_INSPECCION!E:E,$Q60)) -> INSPECCIONAR | P60: =IF($Q60=0,"",INDEX(BD_INSPECCION!F:F,$Q60)) -> MUELLES (HOJAS ROTAS), ABRAZADERAS, BUJES Y AMORTIGUADOR | Q60: =IFERROR(MATCH($C$9&"|42",BD_INSPECCION!$G:$G,0),0) -> 44 | R60: =IF($A60=0,"",INDEX(BD_PLAN!C:C,$A60)) -> PM6 - 6000 KM | S60: =IF($A60=0,"",INDEX(BD_PLAN!D:D,$A60)) -> CHASIS | T60: =IF($Q60=0,"",INDEX(BD_INSPECCION!C:C,$Q60)) -> PM2 - 2000 KM | U60: =IF($Q60=0,"",INDEX(BD_INSPECCION!D:D,$Q60)) -> SUSPENSIÓN TRASERA
A61: =IFERROR(MATCH($C$9&"|43",BD_PLAN!$J:$J,0),0) -> 45 | B61: =IF($A61=0,"",IF($R61<>$R60,LEFT($R61,FIND(" ",$R61)-1),"")) | C61: =IF($A61=0,"",IF($R61<>$R60,INDEX(BD_CICLO!$E:$E,MATCH($C$9&"|"&$R61,BD_CICLO!$G:$G,0))&" "&$F$6,"")) | D61: =IF($A61=0,"",IF($R61<>$R60,IFERROR(1/(1/SUMPRODUCT(MAX((REGISTRO!$C$3:$C$2002=$C$6)*(REGISTRO!$H$3:$H$2002=$R61)*REGISTRO!$B$3:$B$2002))),""),"")) | E61: =IF($A61=0,"",IF(OR($R61<>$R60,$S61<>$S60),$S61,"")) -> SERVICIO GENERAL | F61: =IF($A61=0,"",INDEX(BD_PLAN!E:E,$A61)) -> TRAPO INDUSTRIAL | G61: =IF($A61=0,"",INDEX(BD_PLAN!F:F,$A61)) -> 0.5 | H61: =IF($A61=0,"",INDEX(BD_PLAN!G:G,$A61)) -> KG | I61: =IF($A61=0,"",INDEX(BD_PLAN!H:H,$A61)) -> 4.5 | J61: =IF($A61=0,"",INDEX(BD_PLAN!I:I,$A61)) -> 2.25 | K61: =IF($A61=0,"",IF($R61<>$R60,SUMIFS(BD_PLAN!$I$3:$I$312,BD_PLAN!$B$3:$B$312,$C$9,BD_PLAN!$C$3:$C$312,$R61),"")) | M61: =IF($Q61=0,"",IF($T61<>$T60,$T61,"")) | N61: =IF($Q61=0,"",IF(OR($T61<>$T60,$U61<>$U60),$U61,"")) -> CONTROLES | O61: =IF($Q61=0,"",INDEX(BD_INSPECCION!E:E,$Q61)) -> LUBRICAR | P61: =IF($Q61=0,"",INDEX(BD_INSPECCION!F:F,$Q61)) -> MANIJAS Y CABLES DE FRENO, EMBRAGUE Y ACELERADOR | Q61: =IFERROR(MATCH($C$9&"|43",BD_INSPECCION!$G:$G,0),0) -> 45 | R61: =IF($A61=0,"",INDEX(BD_PLAN!C:C,$A61)) -> PM6 - 6000 KM | S61: =IF($A61=0,"",INDEX(BD_PLAN!D:D,$A61)) -> SERVICIO GENERAL | T61: =IF($Q61=0,"",INDEX(BD_INSPECCION!C:C,$Q61)) -> PM2 - 2000 KM | U61: =IF($Q61=0,"",INDEX(BD_INSPECCION!D:D,$Q61)) -> CONTROLES
A62: =IFERROR(MATCH($C$9&"|44",BD_PLAN!$J:$J,0),0) -> 46 | B62: =IF($A62=0,"",IF($R62<>$R61,LEFT($R62,FIND(" ",$R62)-1),"")) | C62: =IF($A62=0,"",IF($R62<>$R61,INDEX(BD_CICLO!$E:$E,MATCH($C$9&"|"&$R62,BD_CICLO!$G:$G,0))&" "&$F$6,"")) | D62: =IF($A62=0,"",IF($R62<>$R61,IFERROR(1/(1/SUMPRODUCT(MAX((REGISTRO!$C$3:$C$2002=$C$6)*(REGISTRO!$H$3:$H$2002=$R62)*REGISTRO!$B$3:$B$2002))),""),"")) | E62: =IF($A62=0,"",IF(OR($R62<>$R61,$S62<>$S61),$S62,"")) | F62: =IF($A62=0,"",INDEX(BD_PLAN!E:E,$A62)) -> GASOLINA 90 OCT | G62: =IF($A62=0,"",INDEX(BD_PLAN!F:F,$A62)) -> 0.25 | H62: =IF($A62=0,"",INDEX(BD_PLAN!G:G,$A62)) -> GL | I62: =IF($A62=0,"",INDEX(BD_PLAN!H:H,$A62)) -> 24 | J62: =IF($A62=0,"",INDEX(BD_PLAN!I:I,$A62)) -> 6 | K62: =IF($A62=0,"",IF($R62<>$R61,SUMIFS(BD_PLAN!$I$3:$I$312,BD_PLAN!$B$3:$B$312,$C$9,BD_PLAN!$C$3:$C$312,$R62),"")) | M62: =IF($Q62=0,"",IF($T62<>$T61,$T62,"")) | N62: =IF($Q62=0,"",IF(OR($T62<>$T61,$U62<>$U61),$U62,"")) -> RUEDAS | O62: =IF($Q62=0,"",INDEX(BD_INSPECCION!E:E,$Q62)) -> INSPECCIONAR | P62: =IF($Q62=0,"",INDEX(BD_INSPECCION!F:F,$Q62)) -> PRESIÓN, DESGASTE DE LLANTAS Y AJUSTE DE TUERCAS | Q62: =IFERROR(MATCH($C$9&"|44",BD_INSPECCION!$G:$G,0),0) -> 46 | R62: =IF($A62=0,"",INDEX(BD_PLAN!C:C,$A62)) -> PM6 - 6000 KM | S62: =IF($A62=0,"",INDEX(BD_PLAN!D:D,$A62)) -> SERVICIO GENERAL | T62: =IF($Q62=0,"",INDEX(BD_INSPECCION!C:C,$Q62)) -> PM2 - 2000 KM | U62: =IF($Q62=0,"",INDEX(BD_INSPECCION!D:D,$Q62)) -> RUEDAS
A63: =IFERROR(MATCH($C$9&"|45",BD_PLAN!$J:$J,0),0) -> 0 | B63: =IF($A63=0,"",IF($R63<>$R62,LEFT($R63,FIND(" ",$R63)-1),"")) | C63: =IF($A63=0,"",IF($R63<>$R62,INDEX(BD_CICLO!$E:$E,MATCH($C$9&"|"&$R63,BD_CICLO!$G:$G,0))&" "&$F$6,"")) | D63: =IF($A63=0,"",IF($R63<>$R62,IFERROR(1/(1/SUMPRODUCT(MAX((REGISTRO!$C$3:$C$2002=$C$6)*(REGISTRO!$H$3:$H$2002=$R63)*REGISTRO!$B$3:$B$2002))),""),"")) | E63: =IF($A63=0,"",IF(OR($R63<>$R62,$S63<>$S62),$S63,"")) | F63: =IF($A63=0,"",INDEX(BD_PLAN!E:E,$A63)) | G63: =IF($A63=0,"",INDEX(BD_PLAN!F:F,$A63)) | H63: =IF($A63=0,"",INDEX(BD_PLAN!G:G,$A63)) | I63: =IF($A63=0,"",INDEX(BD_PLAN!H:H,$A63)) | J63: =IF($A63=0,"",INDEX(BD_PLAN!I:I,$A63)) | K63: =IF($A63=0,"",IF($R63<>$R62,SUMIFS(BD_PLAN!$I$3:$I$312,BD_PLAN!$B$3:$B$312,$C$9,BD_PLAN!$C$3:$C$312,$R63),"")) | M63: =IF($Q63=0,"",IF($T63<>$T62,$T63,"")) | N63: =IF($Q63=0,"",IF(OR($T63<>$T62,$U63<>$U62),$U63,"")) -> SISTEMA ELÉCTRICO | O63: =IF($Q63=0,"",INDEX(BD_INSPECCION!E:E,$Q63)) -> INSPECCIONAR | P63: =IF($Q63=0,"",INDEX(BD_INSPECCION!F:F,$Q63)) -> BATERÍA, BORNES, LUCES, CLAXON E INTERRUPTORES | Q63: =IFERROR(MATCH($C$9&"|45",BD_INSPECCION!$G:$G,0),0) -> 47 | R63: =IF($A63=0,"",INDEX(BD_PLAN!C:C,$A63)) | S63: =IF($A63=0,"",INDEX(BD_PLAN!D:D,$A63)) | T63: =IF($Q63=0,"",INDEX(BD_INSPECCION!C:C,$Q63)) -> PM2 - 2000 KM | U63: =IF($Q63=0,"",INDEX(BD_INSPECCION!D:D,$Q63)) -> SISTEMA ELÉCTRICO
A64: =IFERROR(MATCH($C$9&"|46",BD_PLAN!$J:$J,0),0) -> 0 | B64: =IF($A64=0,"",IF($R64<>$R63,LEFT($R64,FIND(" ",$R64)-1),"")) | C64: =IF($A64=0,"",IF($R64<>$R63,INDEX(BD_CICLO!$E:$E,MATCH($C$9&"|"&$R64,BD_CICLO!$G:$G,0))&" "&$F$6,"")) | D64: =IF($A64=0,"",IF($R64<>$R63,IFERROR(1/(1/SUMPRODUCT(MAX((REGISTRO!$C$3:$C$2002=$C$6)*(REGISTRO!$H$3:$H$2002=$R64)*REGISTRO!$B$3:$B$2002))),""),"")) | E64: =IF($A64=0,"",IF(OR($R64<>$R63,$S64<>$S63),$S64,"")) | F64: =IF($A64=0,"",INDEX(BD_PLAN!E:E,$A64)) | G64: =IF($A64=0,"",INDEX(BD_PLAN!F:F,$A64)) | H64: =IF($A64=0,"",INDEX(BD_PLAN!G:G,$A64)) | I64: =IF($A64=0,"",INDEX(BD_PLAN!H:H,$A64)) | J64: =IF($A64=0,"",INDEX(BD_PLAN!I:I,$A64)) | K64: =IF($A64=0,"",IF($R64<>$R63,SUMIFS(BD_PLAN!$I$3:$I$312,BD_PLAN!$B$3:$B$312,$C$9,BD_PLAN!$C$3:$C$312,$R64),"")) | M64: =IF($Q64=0,"",IF($T64<>$T63,$T64,"")) | N64: =IF($Q64=0,"",IF(OR($T64<>$T63,$U64<>$U63),$U64,"")) -> CHASIS / TOLVA | O64: =IF($Q64=0,"",INDEX(BD_INSPECCION!E:E,$Q64)) -> INSPECCIONAR | P64: =IF($Q64=0,"",INDEX(BD_INSPECCION!F:F,$Q64)) -> SOLDADURAS, PERNOS DE TOLVA Y BASTIDOR | Q64: =IFERROR(MATCH($C$9&"|46",BD_INSPECCION!$G:$G,0),0) -> 48 | R64: =IF($A64=0,"",INDEX(BD_PLAN!C:C,$A64)) | S64: =IF($A64=0,"",INDEX(BD_PLAN!D:D,$A64)) | T64: =IF($Q64=0,"",INDEX(BD_INSPECCION!C:C,$Q64)) -> PM2 - 2000 KM | U64: =IF($Q64=0,"",INDEX(BD_INSPECCION!D:D,$Q64)) -> CHASIS / TOLVA
A65: =IFERROR(MATCH($C$9&"|47",BD_PLAN!$J:$J,0),0) -> 0 | B65: =IF($A65=0,"",IF($R65<>$R64,LEFT($R65,FIND(" ",$R65)-1),"")) | C65: =IF($A65=0,"",IF($R65<>$R64,INDEX(BD_CICLO!$E:$E,MATCH($C$9&"|"&$R65,BD_CICLO!$G:$G,0))&" "&$F$6,"")) | D65: =IF($A65=0,"",IF($R65<>$R64,IFERROR(1/(1/SUMPRODUCT(MAX((REGISTRO!$C$3:$C$2002=$C$6)*(REGISTRO!$H$3:$H$2002=$R65)*REGISTRO!$B$3:$B$2002))),""),"")) | E65: =IF($A65=0,"",IF(OR($R65<>$R64,$S65<>$S64),$S65,"")) | F65: =IF($A65=0,"",INDEX(BD_PLAN!E:E,$A65)) | G65: =IF($A65=0,"",INDEX(BD_PLAN!F:F,$A65)) | H65: =IF($A65=0,"",INDEX(BD_PLAN!G:G,$A65)) | I65: =IF($A65=0,"",INDEX(BD_PLAN!H:H,$A65)) | J65: =IF($A65=0,"",INDEX(BD_PLAN!I:I,$A65)) | K65: =IF($A65=0,"",IF($R65<>$R64,SUMIFS(BD_PLAN!$I$3:$I$312,BD_PLAN!$B$3:$B$312,$C$9,BD_PLAN!$C$3:$C$312,$R65),"")) | M65: =IF($Q65=0,"",IF($T65<>$T64,$T65,"")) -> PM3 - 3000 KM | N65: =IF($Q65=0,"",IF(OR($T65<>$T64,$U65<>$U64),$U65,"")) -> MOTOR | O65: =IF($Q65=0,"",INDEX(BD_INSPECCION!E:E,$Q65)) -> INSPECCIONAR | P65: =IF($Q65=0,"",INDEX(BD_INSPECCION!F:F,$Q65)) -> LUZ DE VÁLVULAS (REGULAR SI ES NECESARIO) | Q65: =IFERROR(MATCH($C$9&"|47",BD_INSPECCION!$G:$G,0),0) -> 49 | R65: =IF($A65=0,"",INDEX(BD_PLAN!C:C,$A65)) | S65: =IF($A65=0,"",INDEX(BD_PLAN!D:D,$A65)) | T65: =IF($Q65=0,"",INDEX(BD_INSPECCION!C:C,$Q65)) -> PM3 - 3000 KM | U65: =IF($Q65=0,"",INDEX(BD_INSPECCION!D:D,$Q65)) -> MOTOR
A66: =IFERROR(MATCH($C$9&"|48",BD_PLAN!$J:$J,0),0) -> 0 | B66: =IF($A66=0,"",IF($R66<>$R65,LEFT($R66,FIND(" ",$R66)-1),"")) | C66: =IF($A66=0,"",IF($R66<>$R65,INDEX(BD_CICLO!$E:$E,MATCH($C$9&"|"&$R66,BD_CICLO!$G:$G,0))&" "&$F$6,"")) | D66: =IF($A66=0,"",IF($R66<>$R65,IFERROR(1/(1/SUMPRODUCT(MAX((REGISTRO!$C$3:$C$2002=$C$6)*(REGISTRO!$H$3:$H$2002=$R66)*REGISTRO!$B$3:$B$2002))),""),"")) | E66: =IF($A66=0,"",IF(OR($R66<>$R65,$S66<>$S65),$S66,"")) | F66: =IF($A66=0,"",INDEX(BD_PLAN!E:E,$A66)) | G66: =IF($A66=0,"",INDEX(BD_PLAN!F:F,$A66)) | H66: =IF($A66=0,"",INDEX(BD_PLAN!G:G,$A66)) | I66: =IF($A66=0,"",INDEX(BD_PLAN!H:H,$A66)) | J66: =IF($A66=0,"",INDEX(BD_PLAN!I:I,$A66)) | K66: =IF($A66=0,"",IF($R66<>$R65,SUMIFS(BD_PLAN!$I$3:$I$312,BD_PLAN!$B$3:$B$312,$C$9,BD_PLAN!$C$3:$C$312,$R66),"")) | M66: =IF($Q66=0,"",IF($T66<>$T65,$T66,"")) | N66: =IF($Q66=0,"",IF(OR($T66<>$T65,$U66<>$U65),$U66,"")) | O66: =IF($Q66=0,"",INDEX(BD_INSPECCION!E:E,$Q66)) -> INSPECCIONAR | P66: =IF($Q66=0,"",INDEX(BD_INSPECCION!F:F,$Q66)) -> VELOCIDAD DE RALENTÍ | Q66: =IFERROR(MATCH($C$9&"|48",BD_INSPECCION!$G:$G,0),0) -> 50 | R66: =IF($A66=0,"",INDEX(BD_PLAN!C:C,$A66)) | S66: =IF($A66=0,"",INDEX(BD_PLAN!D:D,$A66)) | T66: =IF($Q66=0,"",INDEX(BD_INSPECCION!C:C,$Q66)) -> PM3 - 3000 KM | U66: =IF($Q66=0,"",INDEX(BD_INSPECCION!D:D,$Q66)) -> MOTOR
A67: =IFERROR(MATCH($C$9&"|49",BD_PLAN!$J:$J,0),0) -> 0 | B67: =IF($A67=0,"",IF($R67<>$R66,LEFT($R67,FIND(" ",$R67)-1),"")) | C67: =IF($A67=0,"",IF($R67<>$R66,INDEX(BD_CICLO!$E:$E,MATCH($C$9&"|"&$R67,BD_CICLO!$G:$G,0))&" "&$F$6,"")) | D67: =IF($A67=0,"",IF($R67<>$R66,IFERROR(1/(1/SUMPRODUCT(MAX((REGISTRO!$C$3:$C$2002=$C$6)*(REGISTRO!$H$3:$H$2002=$R67)*REGISTRO!$B$3:$B$2002))),""),"")) | E67: =IF($A67=0,"",IF(OR($R67<>$R66,$S67<>$S66),$S67,"")) | F67: =IF($A67=0,"",INDEX(BD_PLAN!E:E,$A67)) | G67: =IF($A67=0,"",INDEX(BD_PLAN!F:F,$A67)) | H67: =IF($A67=0,"",INDEX(BD_PLAN!G:G,$A67)) | I67: =IF($A67=0,"",INDEX(BD_PLAN!H:H,$A67)) | J67: =IF($A67=0,"",INDEX(BD_PLAN!I:I,$A67)) | K67: =IF($A67=0,"",IF($R67<>$R66,SUMIFS(BD_PLAN!$I$3:$I$312,BD_PLAN!$B$3:$B$312,$C$9,BD_PLAN!$C$3:$C$312,$R67),"")) | M67: =IF($Q67=0,"",IF($T67<>$T66,$T67,"")) | N67: =IF($Q67=0,"",IF(OR($T67<>$T66,$U67<>$U66),$U67,"")) | O67: =IF($Q67=0,"",INDEX(BD_INSPECCION!E:E,$Q67)) -> INSPECCIONAR | P67: =IF($Q67=0,"",INDEX(BD_INSPECCION!F:F,$Q67)) -> FUGAS DE ACEITE Y ESTADO DE EMPAQUES | Q67: =IFERROR(MATCH($C$9&"|49",BD_INSPECCION!$G:$G,0),0) -> 51 | R67: =IF($A67=0,"",INDEX(BD_PLAN!C:C,$A67)) | S67: =IF($A67=0,"",INDEX(BD_PLAN!D:D,$A67)) | T67: =IF($Q67=0,"",INDEX(BD_INSPECCION!C:C,$Q67)) -> PM3 - 3000 KM | U67: =IF($Q67=0,"",INDEX(BD_INSPECCION!D:D,$Q67)) -> MOTOR
A68: =IFERROR(MATCH($C$9&"|50",BD_PLAN!$J:$J,0),0) -> 0 | B68: =IF($A68=0,"",IF($R68<>$R67,LEFT($R68,FIND(" ",$R68)-1),"")) | C68: =IF($A68=0,"",IF($R68<>$R67,INDEX(BD_CICLO!$E:$E,MATCH($C$9&"|"&$R68,BD_CICLO!$G:$G,0))&" "&$F$6,"")) | D68: =IF($A68=0,"",IF($R68<>$R67,IFERROR(1/(1/SUMPRODUCT(MAX((REGISTRO!$C$3:$C$2002=$C$6)*(REGISTRO!$H$3:$H$2002=$R68)*REGISTRO!$B$3:$B$2002))),""),"")) | E68: =IF($A68=0,"",IF(OR($R68<>$R67,$S68<>$S67),$S68,"")) | F68: =IF($A68=0,"",INDEX(BD_PLAN!E:E,$A68)) | G68: =IF($A68=0,"",INDEX(BD_PLAN!F:F,$A68)) | H68: =IF($A68=0,"",INDEX(BD_PLAN!G:G,$A68)) | I68: =IF($A68=0,"",INDEX(BD_PLAN!H:H,$A68)) | J68: =IF($A68=0,"",INDEX(BD_PLAN!I:I,$A68)) | K68: =IF($A68=0,"",IF($R68<>$R67,SUMIFS(BD_PLAN!$I$3:$I$312,BD_PLAN!$B$3:$B$312,$C$9,BD_PLAN!$C$3:$C$312,$R68),"")) | M68: =IF($Q68=0,"",IF($T68<>$T67,$T68,"")) | N68: =IF($Q68=0,"",IF(OR($T68<>$T67,$U68<>$U67),$U68,"")) | O68: =IF($Q68=0,"",INDEX(BD_INSPECCION!E:E,$Q68)) -> LIMPIAR | P68: =IF($Q68=0,"",INDEX(BD_INSPECCION!F:F,$Q68)) -> MALLA (COLADOR) DE ACEITE | Q68: =IFERROR(MATCH($C$9&"|50",BD_INSPECCION!$G:$G,0),0) -> 52 | R68: =IF($A68=0,"",INDEX(BD_PLAN!C:C,$A68)) | S68: =IF($A68=0,"",INDEX(BD_PLAN!D:D,$A68)) | T68: =IF($Q68=0,"",INDEX(BD_INSPECCION!C:C,$Q68)) -> PM3 - 3000 KM | U68: =IF($Q68=0,"",INDEX(BD_INSPECCION!D:D,$Q68)) -> MOTOR
A69: =IFERROR(MATCH($C$9&"|51",BD_PLAN!$J:$J,0),0) -> 0 | B69: =IF($A69=0,"",IF($R69<>$R68,LEFT($R69,FIND(" ",$R69)-1),"")) | C69: =IF($A69=0,"",IF($R69<>$R68,INDEX(BD_CICLO!$E:$E,MATCH($C$9&"|"&$R69,BD_CICLO!$G:$G,0))&" "&$F$6,"")) | D69: =IF($A69=0,"",IF($R69<>$R68,IFERROR(1/(1/SUMPRODUCT(MAX((REGISTRO!$C$3:$C$2002=$C$6)*(REGISTRO!$H$3:$H$2002=$R69)*REGISTRO!$B$3:$B$2002))),""),"")) | E69: =IF($A69=0,"",IF(OR($R69<>$R68,$S69<>$S68),$S69,"")) | F69: =IF($A69=0,"",INDEX(BD_PLAN!E:E,$A69)) | G69: =IF($A69=0,"",INDEX(BD_PLAN!F:F,$A69)) | H69: =IF($A69=0,"",INDEX(BD_PLAN!G:G,$A69)) | I69: =IF($A69=0,"",INDEX(BD_PLAN!H:H,$A69)) | J69: =IF($A69=0,"",INDEX(BD_PLAN!I:I,$A69)) | K69: =IF($A69=0,"",IF($R69<>$R68,SUMIFS(BD_PLAN!$I$3:$I$312,BD_PLAN!$B$3:$B$312,$C$9,BD_PLAN!$C$3:$C$312,$R69),"")) | M69: =IF($Q69=0,"",IF($T69<>$T68,$T69,"")) | N69: =IF($Q69=0,"",IF(OR($T69<>$T68,$U69<>$U68),$U69,"")) -> ADMISIÓN DE AIRE | O69: =IF($Q69=0,"",INDEX(BD_INSPECCION!E:E,$Q69)) -> LIMPIAR | P69: =IF($Q69=0,"",INDEX(BD_INSPECCION!F:F,$Q69)) -> FILTRO DE AIRE | Q69: =IFERROR(MATCH($C$9&"|51",BD_INSPECCION!$G:$G,0),0) -> 53 | R69: =IF($A69=0,"",INDEX(BD_PLAN!C:C,$A69)) | S69: =IF($A69=0,"",INDEX(BD_PLAN!D:D,$A69)) | T69: =IF($Q69=0,"",INDEX(BD_INSPECCION!C:C,$Q69)) -> PM3 - 3000 KM | U69: =IF($Q69=0,"",INDEX(BD_INSPECCION!D:D,$Q69)) -> ADMISIÓN DE AIRE
A70: =IFERROR(MATCH($C$9&"|52",BD_PLAN!$J:$J,0),0) -> 0 | B70: =IF($A70=0,"",IF($R70<>$R69,LEFT($R70,FIND(" ",$R70)-1),"")) | C70: =IF($A70=0,"",IF($R70<>$R69,INDEX(BD_CICLO!$E:$E,MATCH($C$9&"|"&$R70,BD_CICLO!$G:$G,0))&" "&$F$6,"")) | D70: =IF($A70=0,"",IF($R70<>$R69,IFERROR(1/(1/SUMPRODUCT(MAX((REGISTRO!$C$3:$C$2002=$C$6)*(REGISTRO!$H$3:$H$2002=$R70)*REGISTRO!$B$3:$B$2002))),""),"")) | E70: =IF($A70=0,"",IF(OR($R70<>$R69,$S70<>$S69),$S70,"")) | F70: =IF($A70=0,"",INDEX(BD_PLAN!E:E,$A70)) | G70: =IF($A70=0,"",INDEX(BD_PLAN!F:F,$A70)) | H70: =IF($A70=0,"",INDEX(BD_PLAN!G:G,$A70)) | I70: =IF($A70=0,"",INDEX(BD_PLAN!H:H,$A70)) | J70: =IF($A70=0,"",INDEX(BD_PLAN!I:I,$A70)) | K70: =IF($A70=0,"",IF($R70<>$R69,SUMIFS(BD_PLAN!$I$3:$I$312,BD_PLAN!$B$3:$B$312,$C$9,BD_PLAN!$C$3:$C$312,$R70),"")) | M70: =IF($Q70=0,"",IF($T70<>$T69,$T70,"")) | N70: =IF($Q70=0,"",IF(OR($T70<>$T69,$U70<>$U69),$U70,"")) -> COMBUSTIBLE | O70: =IF($Q70=0,"",INDEX(BD_INSPECCION!E:E,$Q70)) -> INSPECCIONAR | P70: =IF($Q70=0,"",INDEX(BD_INSPECCION!F:F,$Q70)) -> MANGUERA DE COMBUSTIBLE (GRIETAS Y FUGAS) | Q70: =IFERROR(MATCH($C$9&"|52",BD_INSPECCION!$G:$G,0),0) -> 54 | R70: =IF($A70=0,"",INDEX(BD_PLAN!C:C,$A70)) | S70: =IF($A70=0,"",INDEX(BD_PLAN!D:D,$A70)) | T70: =IF($Q70=0,"",INDEX(BD_INSPECCION!C:C,$Q70)) -> PM3 - 3000 KM | U70: =IF($Q70=0,"",INDEX(BD_INSPECCION!D:D,$Q70)) -> COMBUSTIBLE
A71: =IFERROR(MATCH($C$9&"|53",BD_PLAN!$J:$J,0),0) -> 0 | B71: =IF($A71=0,"",IF($R71<>$R70,LEFT($R71,FIND(" ",$R71)-1),"")) | C71: =IF($A71=0,"",IF($R71<>$R70,INDEX(BD_CICLO!$E:$E,MATCH($C$9&"|"&$R71,BD_CICLO!$G:$G,0))&" "&$F$6,"")) | D71: =IF($A71=0,"",IF($R71<>$R70,IFERROR(1/(1/SUMPRODUCT(MAX((REGISTRO!$C$3:$C$2002=$C$6)*(REGISTRO!$H$3:$H$2002=$R71)*REGISTRO!$B$3:$B$2002))),""),"")) | E71: =IF($A71=0,"",IF(OR($R71<>$R70,$S71<>$S70),$S71,"")) | F71: =IF($A71=0,"",INDEX(BD_PLAN!E:E,$A71)) | G71: =IF($A71=0,"",INDEX(BD_PLAN!F:F,$A71)) | H71: =IF($A71=0,"",INDEX(BD_PLAN!G:G,$A71)) | I71: =IF($A71=0,"",INDEX(BD_PLAN!H:H,$A71)) | J71: =IF($A71=0,"",INDEX(BD_PLAN!I:I,$A71)) | K71: =IF($A71=0,"",IF($R71<>$R70,SUMIFS(BD_PLAN!$I$3:$I$312,BD_PLAN!$B$3:$B$312,$C$9,BD_PLAN!$C$3:$C$312,$R71),"")) | M71: =IF($Q71=0,"",IF($T71<>$T70,$T71,"")) | N71: =IF($Q71=0,"",IF(OR($T71<>$T70,$U71<>$U70),$U71,"")) | O71: =IF($Q71=0,"",INDEX(BD_INSPECCION!E:E,$Q71)) -> INSPECCIONAR | P71: =IF($Q71=0,"",INDEX(BD_INSPECCION!F:F,$Q71)) -> FUNCIONAMIENTO DEL ACELERADOR Y CHOKE | Q71: =IFERROR(MATCH($C$9&"|53",BD_INSPECCION!$G:$G,0),0) -> 55 | R71: =IF($A71=0,"",INDEX(BD_PLAN!C:C,$A71)) | S71: =IF($A71=0,"",INDEX(BD_PLAN!D:D,$A71)) | T71: =IF($Q71=0,"",INDEX(BD_INSPECCION!C:C,$Q71)) -> PM3 - 3000 KM | U71: =IF($Q71=0,"",INDEX(BD_INSPECCION!D:D,$Q71)) -> COMBUSTIBLE
A72: =IFERROR(MATCH($C$9&"|54",BD_PLAN!$J:$J,0),0) -> 0 | B72: =IF($A72=0,"",IF($R72<>$R71,LEFT($R72,FIND(" ",$R72)-1),"")) | C72: =IF($A72=0,"",IF($R72<>$R71,INDEX(BD_CICLO!$E:$E,MATCH($C$9&"|"&$R72,BD_CICLO!$G:$G,0))&" "&$F$6,"")) | D72: =IF($A72=0,"",IF($R72<>$R71,IFERROR(1/(1/SUMPRODUCT(MAX((REGISTRO!$C$3:$C$2002=$C$6)*(REGISTRO!$H$3:$H$2002=$R72)*REGISTRO!$B$3:$B$2002))),""),"")) | E72: =IF($A72=0,"",IF(OR($R72<>$R71,$S72<>$S71),$S72,"")) | F72: =IF($A72=0,"",INDEX(BD_PLAN!E:E,$A72)) | G72: =IF($A72=0,"",INDEX(BD_PLAN!F:F,$A72)) | H72: =IF($A72=0,"",INDEX(BD_PLAN!G:G,$A72)) | I72: =IF($A72=0,"",INDEX(BD_PLAN!H:H,$A72)) | J72: =IF($A72=0,"",INDEX(BD_PLAN!I:I,$A72)) | K72: =IF($A72=0,"",IF($R72<>$R71,SUMIFS(BD_PLAN!$I$3:$I$312,BD_PLAN!$B$3:$B$312,$C$9,BD_PLAN!$C$3:$C$312,$R72),"")) | M72: =IF($Q72=0,"",IF($T72<>$T71,$T72,"")) | N72: =IF($Q72=0,"",IF(OR($T72<>$T71,$U72<>$U71),$U72,"")) -> ENCENDIDO | O72: =IF($Q72=0,"",INDEX(BD_INSPECCION!E:E,$Q72)) -> INSPECCIONAR | P72: =IF($Q72=0,"",INDEX(BD_INSPECCION!F:F,$Q72)) -> BUJÍA: LIMPIAR Y CALIBRAR | Q72: =IFERROR(MATCH($C$9&"|54",BD_INSPECCION!$G:$G,0),0) -> 56 | R72: =IF($A72=0,"",INDEX(BD_PLAN!C:C,$A72)) | S72: =IF($A72=0,"",INDEX(BD_PLAN!D:D,$A72)) | T72: =IF($Q72=0,"",INDEX(BD_INSPECCION!C:C,$Q72)) -> PM3 - 3000 KM | U72: =IF($Q72=0,"",INDEX(BD_INSPECCION!D:D,$Q72)) -> ENCENDIDO
A73: =IFERROR(MATCH($C$9&"|55",BD_PLAN!$J:$J,0),0) -> 0 | B73: =IF($A73=0,"",IF($R73<>$R72,LEFT($R73,FIND(" ",$R73)-1),"")) | C73: =IF($A73=0,"",IF($R73<>$R72,INDEX(BD_CICLO!$E:$E,MATCH($C$9&"|"&$R73,BD_CICLO!$G:$G,0))&" "&$F$6,"")) | D73: =IF($A73=0,"",IF($R73<>$R72,IFERROR(1/(1/SUMPRODUCT(MAX((REGISTRO!$C$3:$C$2002=$C$6)*(REGISTRO!$H$3:$H$2002=$R73)*REGISTRO!$B$3:$B$2002))),""),"")) | E73: =IF($A73=0,"",IF(OR($R73<>$R72,$S73<>$S72),$S73,"")) | F73: =IF($A73=0,"",INDEX(BD_PLAN!E:E,$A73)) | G73: =IF($A73=0,"",INDEX(BD_PLAN!F:F,$A73)) | H73: =IF($A73=0,"",INDEX(BD_PLAN!G:G,$A73)) | I73: =IF($A73=0,"",INDEX(BD_PLAN!H:H,$A73)) | J73: =IF($A73=0,"",INDEX(BD_PLAN!I:I,$A73)) | K73: =IF($A73=0,"",IF($R73<>$R72,SUMIFS(BD_PLAN!$I$3:$I$312,BD_PLAN!$B$3:$B$312,$C$9,BD_PLAN!$C$3:$C$312,$R73),"")) | M73: =IF($Q73=0,"",IF($T73<>$T72,$T73,"")) | N73: =IF($Q73=0,"",IF(OR($T73<>$T72,$U73<>$U72),$U73,"")) -> TRANSMISIÓN | O73: =IF($Q73=0,"",INDEX(BD_INSPECCION!E:E,$Q73)) -> INSPECCIONAR | P73: =IF($Q73=0,"",INDEX(BD_INSPECCION!F:F,$Q73)) -> EMBRAGUE (JUEGO LIBRE DEL CABLE) Y CAMBIOS | Q73: =IFERROR(MATCH($C$9&"|55",BD_INSPECCION!$G:$G,0),0) -> 57 | R73: =IF($A73=0,"",INDEX(BD_PLAN!C:C,$A73)) | S73: =IF($A73=0,"",INDEX(BD_PLAN!D:D,$A73)) | T73: =IF($Q73=0,"",INDEX(BD_INSPECCION!C:C,$Q73)) -> PM3 - 3000 KM | U73: =IF($Q73=0,"",INDEX(BD_INSPECCION!D:D,$Q73)) -> TRANSMISIÓN
A74: =IFERROR(MATCH($C$9&"|56",BD_PLAN!$J:$J,0),0) -> 0 | B74: =IF($A74=0,"",IF($R74<>$R73,LEFT($R74,FIND(" ",$R74)-1),"")) | C74: =IF($A74=0,"",IF($R74<>$R73,INDEX(BD_CICLO!$E:$E,MATCH($C$9&"|"&$R74,BD_CICLO!$G:$G,0))&" "&$F$6,"")) | D74: =IF($A74=0,"",IF($R74<>$R73,IFERROR(1/(1/SUMPRODUCT(MAX((REGISTRO!$C$3:$C$2002=$C$6)*(REGISTRO!$H$3:$H$2002=$R74)*REGISTRO!$B$3:$B$2002))),""),"")) | E74: =IF($A74=0,"",IF(OR($R74<>$R73,$S74<>$S73),$S74,"")) | F74: =IF($A74=0,"",INDEX(BD_PLAN!E:E,$A74)) | G74: =IF($A74=0,"",INDEX(BD_PLAN!F:F,$A74)) | H74: =IF($A74=0,"",INDEX(BD_PLAN!G:G,$A74)) | I74: =IF($A74=0,"",INDEX(BD_PLAN!H:H,$A74)) | J74: =IF($A74=0,"",INDEX(BD_PLAN!I:I,$A74)) | K74: =IF($A74=0,"",IF($R74<>$R73,SUMIFS(BD_PLAN!$I$3:$I$312,BD_PLAN!$B$3:$B$312,$C$9,BD_PLAN!$C$3:$C$312,$R74),"")) | M74: =IF($Q74=0,"",IF($T74<>$T73,$T74,"")) | N74: =IF($Q74=0,"",IF(OR($T74<>$T73,$U74<>$U73),$U74,"")) -> CARDÁN | O74: =IF($Q74=0,"",INDEX(BD_INSPECCION!E:E,$Q74)) -> INSPECCIONAR | P74: =IF($Q74=0,"",INDEX(BD_INSPECCION!F:F,$Q74)) -> CRUCETAS (JUEGO) Y GUARDAPOLVOS | Q74: =IFERROR(MATCH($C$9&"|56",BD_INSPECCION!$G:$G,0),0) -> 58 | R74: =IF($A74=0,"",INDEX(BD_PLAN!C:C,$A74)) | S74: =IF($A74=0,"",INDEX(BD_PLAN!D:D,$A74)) | T74: =IF($Q74=0,"",INDEX(BD_INSPECCION!C:C,$Q74)) -> PM3 - 3000 KM | U74: =IF($Q74=0,"",INDEX(BD_INSPECCION!D:D,$Q74)) -> CARDÁN
A75: =IFERROR(MATCH($C$9&"|57",BD_PLAN!$J:$J,0),0) -> 0 | B75: =IF($A75=0,"",IF($R75<>$R74,LEFT($R75,FIND(" ",$R75)-1),"")) | C75: =IF($A75=0,"",IF($R75<>$R74,INDEX(BD_CICLO!$E:$E,MATCH($C$9&"|"&$R75,BD_CICLO!$G:$G,0))&" "&$F$6,"")) | D75: =IF($A75=0,"",IF($R75<>$R74,IFERROR(1/(1/SUMPRODUCT(MAX((REGISTRO!$C$3:$C$2002=$C$6)*(REGISTRO!$H$3:$H$2002=$R75)*REGISTRO!$B$3:$B$2002))),""),"")) | E75: =IF($A75=0,"",IF(OR($R75<>$R74,$S75<>$S74),$S75,"")) | F75: =IF($A75=0,"",INDEX(BD_PLAN!E:E,$A75)) | G75: =IF($A75=0,"",INDEX(BD_PLAN!F:F,$A75)) | H75: =IF($A75=0,"",INDEX(BD_PLAN!G:G,$A75)) | I75: =IF($A75=0,"",INDEX(BD_PLAN!H:H,$A75)) | J75: =IF($A75=0,"",INDEX(BD_PLAN!I:I,$A75)) | K75: =IF($A75=0,"",IF($R75<>$R74,SUMIFS(BD_PLAN!$I$3:$I$312,BD_PLAN!$B$3:$B$312,$C$9,BD_PLAN!$C$3:$C$312,$R75),"")) | M75: =IF($Q75=0,"",IF($T75<>$T74,$T75,"")) | N75: =IF($Q75=0,"",IF(OR($T75<>$T74,$U75<>$U74),$U75,"")) | O75: =IF($Q75=0,"",INDEX(BD_INSPECCION!E:E,$Q75)) -> LUBRICAR | P75: =IF($Q75=0,"",INDEX(BD_INSPECCION!F:F,$Q75)) -> CRUCETAS Y ESTRIADO DEL CARDÁN | Q75: =IFERROR(MATCH($C$9&"|57",BD_INSPECCION!$G:$G,0),0) -> 59 | R75: =IF($A75=0,"",INDEX(BD_PLAN!C:C,$A75)) | S75: =IF($A75=0,"",INDEX(BD_PLAN!D:D,$A75)) | T75: =IF($Q75=0,"",INDEX(BD_INSPECCION!C:C,$Q75)) -> PM3 - 3000 KM | U75: =IF($Q75=0,"",INDEX(BD_INSPECCION!D:D,$Q75)) -> CARDÁN
A76: =IFERROR(MATCH($C$9&"|58",BD_PLAN!$J:$J,0),0) -> 0 | B76: =IF($A76=0,"",IF($R76<>$R75,LEFT($R76,FIND(" ",$R76)-1),"")) | C76: =IF($A76=0,"",IF($R76<>$R75,INDEX(BD_CICLO!$E:$E,MATCH($C$9&"|"&$R76,BD_CICLO!$G:$G,0))&" "&$F$6,"")) | D76: =IF($A76=0,"",IF($R76<>$R75,IFERROR(1/(1/SUMPRODUCT(MAX((REGISTRO!$C$3:$C$2002=$C$6)*(REGISTRO!$H$3:$H$2002=$R76)*REGISTRO!$B$3:$B$2002))),""),"")) | E76: =IF($A76=0,"",IF(OR($R76<>$R75,$S76<>$S75),$S76,"")) | F76: =IF($A76=0,"",INDEX(BD_PLAN!E:E,$A76)) | G76: =IF($A76=0,"",INDEX(BD_PLAN!F:F,$A76)) | H76: =IF($A76=0,"",INDEX(BD_PLAN!G:G,$A76)) | I76: =IF($A76=0,"",INDEX(BD_PLAN!H:H,$A76)) | J76: =IF($A76=0,"",INDEX(BD_PLAN!I:I,$A76)) | K76: =IF($A76=0,"",IF($R76<>$R75,SUMIFS(BD_PLAN!$I$3:$I$312,BD_PLAN!$B$3:$B$312,$C$9,BD_PLAN!$C$3:$C$312,$R76),"")) | M76: =IF($Q76=0,"",IF($T76<>$T75,$T76,"")) | N76: =IF($Q76=0,"",IF(OR($T76<>$T75,$U76<>$U75),$U76,"")) -> DIFERENCIAL | O76: =IF($Q76=0,"",INDEX(BD_INSPECCION!E:E,$Q76)) -> INSPECCIONAR | P76: =IF($Q76=0,"",INDEX(BD_INSPECCION!F:F,$Q76)) -> NIVEL DE ACEITE Y FUGAS | Q76: =IFERROR(MATCH($C$9&"|58",BD_INSPECCION!$G:$G,0),0) -> 60 | R76: =IF($A76=0,"",INDEX(BD_PLAN!C:C,$A76)) | S76: =IF($A76=0,"",INDEX(BD_PLAN!D:D,$A76)) | T76: =IF($Q76=0,"",INDEX(BD_INSPECCION!C:C,$Q76)) -> PM3 - 3000 KM | U76: =IF($Q76=0,"",INDEX(BD_INSPECCION!D:D,$Q76)) -> DIFERENCIAL
A77: =IFERROR(MATCH($C$9&"|59",BD_PLAN!$J:$J,0),0) -> 0 | B77: =IF($A77=0,"",IF($R77<>$R76,LEFT($R77,FIND(" ",$R77)-1),"")) | C77: =IF($A77=0,"",IF($R77<>$R76,INDEX(BD_CICLO!$E:$E,MATCH($C$9&"|"&$R77,BD_CICLO!$G:$G,0))&" "&$F$6,"")) | D77: =IF($A77=0,"",IF($R77<>$R76,IFERROR(1/(1/SUMPRODUCT(MAX((REGISTRO!$C$3:$C$2002=$C$6)*(REGISTRO!$H$3:$H$2002=$R77)*REGISTRO!$B$3:$B$2002))),""),"")) | E77: =IF($A77=0,"",IF(OR($R77<>$R76,$S77<>$S76),$S77,"")) | F77: =IF($A77=0,"",INDEX(BD_PLAN!E:E,$A77)) | G77: =IF($A77=0,"",INDEX(BD_PLAN!F:F,$A77)) | H77: =IF($A77=0,"",INDEX(BD_PLAN!G:G,$A77)) | I77: =IF($A77=0,"",INDEX(BD_PLAN!H:H,$A77)) | J77: =IF($A77=0,"",INDEX(BD_PLAN!I:I,$A77)) | K77: =IF($A77=0,"",IF($R77<>$R76,SUMIFS(BD_PLAN!$I$3:$I$312,BD_PLAN!$B$3:$B$312,$C$9,BD_PLAN!$C$3:$C$312,$R77),"")) | M77: =IF($Q77=0,"",IF($T77<>$T76,$T77,"")) | N77: =IF($Q77=0,"",IF(OR($T77<>$T76,$U77<>$U76),$U77,"")) | O77: =IF($Q77=0,"",INDEX(BD_INSPECCION!E:E,$Q77)) -> INSPECCIONAR | P77: =IF($Q77=0,"",INDEX(BD_INSPECCION!F:F,$Q77)) -> RUIDOS Y RESPIRADERO | Q77: =IFERROR(MATCH($C$9&"|59",BD_INSPECCION!$G:$G,0),0) -> 61 | R77: =IF($A77=0,"",INDEX(BD_PLAN!C:C,$A77)) | S77: =IF($A77=0,"",INDEX(BD_PLAN!D:D,$A77)) | T77: =IF($Q77=0,"",INDEX(BD_INSPECCION!C:C,$Q77)) -> PM3 - 3000 KM | U77: =IF($Q77=0,"",INDEX(BD_INSPECCION!D:D,$Q77)) -> DIFERENCIAL
A78: =IFERROR(MATCH($C$9&"|60",BD_PLAN!$J:$J,0),0) -> 0 | B78: =IF($A78=0,"",IF($R78<>$R77,LEFT($R78,FIND(" ",$R78)-1),"")) | C78: =IF($A78=0,"",IF($R78<>$R77,INDEX(BD_CICLO!$E:$E,MATCH($C$9&"|"&$R78,BD_CICLO!$G:$G,0))&" "&$F$6,"")) | D78: =IF($A78=0,"",IF($R78<>$R77,IFERROR(1/(1/SUMPRODUCT(MAX((REGISTRO!$C$3:$C$2002=$C$6)*(REGISTRO!$H$3:$H$2002=$R78)*REGISTRO!$B$3:$B$2002))),""),"")) | E78: =IF($A78=0,"",IF(OR($R78<>$R77,$S78<>$S77),$S78,"")) | F78: =IF($A78=0,"",INDEX(BD_PLAN!E:E,$A78)) | G78: =IF($A78=0,"",INDEX(BD_PLAN!F:F,$A78)) | H78: =IF($A78=0,"",INDEX(BD_PLAN!G:G,$A78)) | I78: =IF($A78=0,"",INDEX(BD_PLAN!H:H,$A78)) | J78: =IF($A78=0,"",INDEX(BD_PLAN!I:I,$A78)) | K78: =IF($A78=0,"",IF($R78<>$R77,SUMIFS(BD_PLAN!$I$3:$I$312,BD_PLAN!$B$3:$B$312,$C$9,BD_PLAN!$C$3:$C$312,$R78),"")) | M78: =IF($Q78=0,"",IF($T78<>$T77,$T78,"")) | N78: =IF($Q78=0,"",IF(OR($T78<>$T77,$U78<>$U77),$U78,"")) -> EJES / RODAJES | O78: =IF($Q78=0,"",INDEX(BD_INSPECCION!E:E,$Q78)) -> INSPECCIONAR | P78: =IF($Q78=0,"",INDEX(BD_INSPECCION!F:F,$Q78)) -> PALIERES, RODAJES DE RUEDA Y RETENES (JUEGO, RUIDO Y FUGAS) | Q78: =IFERROR(MATCH($C$9&"|60",BD_INSPECCION!$G:$G,0),0) -> 62 | R78: =IF($A78=0,"",INDEX(BD_PLAN!C:C,$A78)) | S78: =IF($A78=0,"",INDEX(BD_PLAN!D:D,$A78)) | T78: =IF($Q78=0,"",INDEX(BD_INSPECCION!C:C,$Q78)) -> PM3 - 3000 KM | U78: =IF($Q78=0,"",INDEX(BD_INSPECCION!D:D,$Q78)) -> EJES / RODAJES
A79: =IFERROR(MATCH($C$9&"|61",BD_PLAN!$J:$J,0),0) -> 0 | B79: =IF($A79=0,"",IF($R79<>$R78,LEFT($R79,FIND(" ",$R79)-1),"")) | C79: =IF($A79=0,"",IF($R79<>$R78,INDEX(BD_CICLO!$E:$E,MATCH($C$9&"|"&$R79,BD_CICLO!$G:$G,0))&" "&$F$6,"")) | D79: =IF($A79=0,"",IF($R79<>$R78,IFERROR(1/(1/SUMPRODUCT(MAX((REGISTRO!$C$3:$C$2002=$C$6)*(REGISTRO!$H$3:$H$2002=$R79)*REGISTRO!$B$3:$B$2002))),""),"")) | E79: =IF($A79=0,"",IF(OR($R79<>$R78,$S79<>$S78),$S79,"")) | F79: =IF($A79=0,"",INDEX(BD_PLAN!E:E,$A79)) | G79: =IF($A79=0,"",INDEX(BD_PLAN!F:F,$A79)) | H79: =IF($A79=0,"",INDEX(BD_PLAN!G:G,$A79)) | I79: =IF($A79=0,"",INDEX(BD_PLAN!H:H,$A79)) | J79: =IF($A79=0,"",INDEX(BD_PLAN!I:I,$A79)) | K79: =IF($A79=0,"",IF($R79<>$R78,SUMIFS(BD_PLAN!$I$3:$I$312,BD_PLAN!$B$3:$B$312,$C$9,BD_PLAN!$C$3:$C$312,$R79),"")) | M79: =IF($Q79=0,"",IF($T79<>$T78,$T79,"")) | N79: =IF($Q79=0,"",IF(OR($T79<>$T78,$U79<>$U78),$U79,"")) -> FRENOS | O79: =IF($Q79=0,"",INDEX(BD_INSPECCION!E:E,$Q79)) -> INSPECCIONAR | P79: =IF($Q79=0,"",INDEX(BD_INSPECCION!F:F,$Q79)) -> ZAPATAS, TAMBORES, CABLES Y JUEGO LIBRE DE PALANCA Y PEDAL | Q79: =IFERROR(MATCH($C$9&"|61",BD_INSPECCION!$G:$G,0),0) -> 63 | R79: =IF($A79=0,"",INDEX(BD_PLAN!C:C,$A79)) | S79: =IF($A79=0,"",INDEX(BD_PLAN!D:D,$A79)) | T79: =IF($Q79=0,"",INDEX(BD_INSPECCION!C:C,$Q79)) -> PM3 - 3000 KM | U79: =IF($Q79=0,"",INDEX(BD_INSPECCION!D:D,$Q79)) -> FRENOS
A80: =IFERROR(MATCH($C$9&"|62",BD_PLAN!$J:$J,0),0) -> 0 | B80: =IF($A80=0,"",IF($R80<>$R79,LEFT($R80,FIND(" ",$R80)-1),"")) | C80: =IF($A80=0,"",IF($R80<>$R79,INDEX(BD_CICLO!$E:$E,MATCH($C$9&"|"&$R80,BD_CICLO!$G:$G,0))&" "&$F$6,"")) | D80: =IF($A80=0,"",IF($R80<>$R79,IFERROR(1/(1/SUMPRODUCT(MAX((REGISTRO!$C$3:$C$2002=$C$6)*(REGISTRO!$H$3:$H$2002=$R80)*REGISTRO!$B$3:$B$2002))),""),"")) | E80: =IF($A80=0,"",IF(OR($R80<>$R79,$S80<>$S79),$S80,"")) | F80: =IF($A80=0,"",INDEX(BD_PLAN!E:E,$A80)) | G80: =IF($A80=0,"",INDEX(BD_PLAN!F:F,$A80)) | H80: =IF($A80=0,"",INDEX(BD_PLAN!G:G,$A80)) | I80: =IF($A80=0,"",INDEX(BD_PLAN!H:H,$A80)) | J80: =IF($A80=0,"",INDEX(BD_PLAN!I:I,$A80)) | K80: =IF($A80=0,"",IF($R80<>$R79,SUMIFS(BD_PLAN!$I$3:$I$312,BD_PLAN!$B$3:$B$312,$C$9,BD_PLAN!$C$3:$C$312,$R80),"")) | M80: =IF($Q80=0,"",IF($T80<>$T79,$T80,"")) | N80: =IF($Q80=0,"",IF(OR($T80<>$T79,$U80<>$U79),$U80,"")) -> DIRECCIÓN | O80: =IF($Q80=0,"",INDEX(BD_INSPECCION!E:E,$Q80)) -> INSPECCIONAR | P80: =IF($Q80=0,"",INDEX(BD_INSPECCION!F:F,$Q80)) -> RODAJES DE DIRECCIÓN Y JUEGO DEL TIMÓN | Q80: =IFERROR(MATCH($C$9&"|62",BD_INSPECCION!$G:$G,0),0) -> 64 | R80: =IF($A80=0,"",INDEX(BD_PLAN!C:C,$A80)) | S80: =IF($A80=0,"",INDEX(BD_PLAN!D:D,$A80)) | T80: =IF($Q80=0,"",INDEX(BD_INSPECCION!C:C,$Q80)) -> PM3 - 3000 KM | U80: =IF($Q80=0,"",INDEX(BD_INSPECCION!D:D,$Q80)) -> DIRECCIÓN
A81: =IFERROR(MATCH($C$9&"|63",BD_PLAN!$J:$J,0),0) -> 0 | B81: =IF($A81=0,"",IF($R81<>$R80,LEFT($R81,FIND(" ",$R81)-1),"")) | C81: =IF($A81=0,"",IF($R81<>$R80,INDEX(BD_CICLO!$E:$E,MATCH($C$9&"|"&$R81,BD_CICLO!$G:$G,0))&" "&$F$6,"")) | D81: =IF($A81=0,"",IF($R81<>$R80,IFERROR(1/(1/SUMPRODUCT(MAX((REGISTRO!$C$3:$C$2002=$C$6)*(REGISTRO!$H$3:$H$2002=$R81)*REGISTRO!$B$3:$B$2002))),""),"")) | E81: =IF($A81=0,"",IF(OR($R81<>$R80,$S81<>$S80),$S81,"")) | F81: =IF($A81=0,"",INDEX(BD_PLAN!E:E,$A81)) | G81: =IF($A81=0,"",INDEX(BD_PLAN!F:F,$A81)) | H81: =IF($A81=0,"",INDEX(BD_PLAN!G:G,$A81)) | I81: =IF($A81=0,"",INDEX(BD_PLAN!H:H,$A81)) | J81: =IF($A81=0,"",INDEX(BD_PLAN!I:I,$A81)) | K81: =IF($A81=0,"",IF($R81<>$R80,SUMIFS(BD_PLAN!$I$3:$I$312,BD_PLAN!$B$3:$B$312,$C$9,BD_PLAN!$C$3:$C$312,$R81),"")) | M81: =IF($Q81=0,"",IF($T81<>$T80,$T81,"")) | N81: =IF($Q81=0,"",IF(OR($T81<>$T80,$U81<>$U80),$U81,"")) | O81: =IF($Q81=0,"",INDEX(BD_INSPECCION!E:E,$Q81)) -> LUBRICAR | P81: =IF($Q81=0,"",INDEX(BD_INSPECCION!F:F,$Q81)) -> RODAJES DE DIRECCIÓN | Q81: =IFERROR(MATCH($C$9&"|63",BD_INSPECCION!$G:$G,0),0) -> 65 | R81: =IF($A81=0,"",INDEX(BD_PLAN!C:C,$A81)) | S81: =IF($A81=0,"",INDEX(BD_PLAN!D:D,$A81)) | T81: =IF($Q81=0,"",INDEX(BD_INSPECCION!C:C,$Q81)) -> PM3 - 3000 KM | U81: =IF($Q81=0,"",INDEX(BD_INSPECCION!D:D,$Q81)) -> DIRECCIÓN
A82: =IFERROR(MATCH($C$9&"|64",BD_PLAN!$J:$J,0),0) -> 0 | B82: =IF($A82=0,"",IF($R82<>$R81,LEFT($R82,FIND(" ",$R82)-1),"")) | C82: =IF($A82=0,"",IF($R82<>$R81,INDEX(BD_CICLO!$E:$E,MATCH($C$9&"|"&$R82,BD_CICLO!$G:$G,0))&" "&$F$6,"")) | D82: =IF($A82=0,"",IF($R82<>$R81,IFERROR(1/(1/SUMPRODUCT(MAX((REGISTRO!$C$3:$C$2002=$C$6)*(REGISTRO!$H$3:$H$2002=$R82)*REGISTRO!$B$3:$B$2002))),""),"")) | E82: =IF($A82=0,"",IF(OR($R82<>$R81,$S82<>$S81),$S82,"")) | F82: =IF($A82=0,"",INDEX(BD_PLAN!E:E,$A82)) | G82: =IF($A82=0,"",INDEX(BD_PLAN!F:F,$A82)) | H82: =IF($A82=0,"",INDEX(BD_PLAN!G:G,$A82)) | I82: =IF($A82=0,"",INDEX(BD_PLAN!H:H,$A82)) | J82: =IF($A82=0,"",INDEX(BD_PLAN!I:I,$A82)) | K82: =IF($A82=0,"",IF($R82<>$R81,SUMIFS(BD_PLAN!$I$3:$I$312,BD_PLAN!$B$3:$B$312,$C$9,BD_PLAN!$C$3:$C$312,$R82),"")) | M82: =IF($Q82=0,"",IF($T82<>$T81,$T82,"")) | N82: =IF($Q82=0,"",IF(OR($T82<>$T81,$U82<>$U81),$U82,"")) -> SUSPENSIÓN DELANTERA | O82: =IF($Q82=0,"",INDEX(BD_INSPECCION!E:E,$Q82)) -> INSPECCIONAR | P82: =IF($Q82=0,"",INDEX(BD_INSPECCION!F:F,$Q82)) -> HORQUILLAS: FUGAS DE RETENES Y FUNCIONAMIENTO | Q82: =IFERROR(MATCH($C$9&"|64",BD_INSPECCION!$G:$G,0),0) -> 66 | R82: =IF($A82=0,"",INDEX(BD_PLAN!C:C,$A82)) | S82: =IF($A82=0,"",INDEX(BD_PLAN!D:D,$A82)) | T82: =IF($Q82=0,"",INDEX(BD_INSPECCION!C:C,$Q82)) -> PM3 - 3000 KM | U82: =IF($Q82=0,"",INDEX(BD_INSPECCION!D:D,$Q82)) -> SUSPENSIÓN DELANTERA
A83: =IFERROR(MATCH($C$9&"|65",BD_PLAN!$J:$J,0),0) -> 0 | B83: =IF($A83=0,"",IF($R83<>$R82,LEFT($R83,FIND(" ",$R83)-1),"")) | C83: =IF($A83=0,"",IF($R83<>$R82,INDEX(BD_CICLO!$E:$E,MATCH($C$9&"|"&$R83,BD_CICLO!$G:$G,0))&" "&$F$6,"")) | D83: =IF($A83=0,"",IF($R83<>$R82,IFERROR(1/(1/SUMPRODUCT(MAX((REGISTRO!$C$3:$C$2002=$C$6)*(REGISTRO!$H$3:$H$2002=$R83)*REGISTRO!$B$3:$B$2002))),""),"")) | E83: =IF($A83=0,"",IF(OR($R83<>$R82,$S83<>$S82),$S83,"")) | F83: =IF($A83=0,"",INDEX(BD_PLAN!E:E,$A83)) | G83: =IF($A83=0,"",INDEX(BD_PLAN!F:F,$A83)) | H83: =IF($A83=0,"",INDEX(BD_PLAN!G:G,$A83)) | I83: =IF($A83=0,"",INDEX(BD_PLAN!H:H,$A83)) | J83: =IF($A83=0,"",INDEX(BD_PLAN!I:I,$A83)) | K83: =IF($A83=0,"",IF($R83<>$R82,SUMIFS(BD_PLAN!$I$3:$I$312,BD_PLAN!$B$3:$B$312,$C$9,BD_PLAN!$C$3:$C$312,$R83),"")) | M83: =IF($Q83=0,"",IF($T83<>$T82,$T83,"")) | N83: =IF($Q83=0,"",IF(OR($T83<>$T82,$U83<>$U82),$U83,"")) -> SUSPENSIÓN TRASERA | O83: =IF($Q83=0,"",INDEX(BD_INSPECCION!E:E,$Q83)) -> INSPECCIONAR | P83: =IF($Q83=0,"",INDEX(BD_INSPECCION!F:F,$Q83)) -> MUELLES (HOJAS ROTAS), ABRAZADERAS, BUJES Y AMORTIGUADOR | Q83: =IFERROR(MATCH($C$9&"|65",BD_INSPECCION!$G:$G,0),0) -> 67 | R83: =IF($A83=0,"",INDEX(BD_PLAN!C:C,$A83)) | S83: =IF($A83=0,"",INDEX(BD_PLAN!D:D,$A83)) | T83: =IF($Q83=0,"",INDEX(BD_INSPECCION!C:C,$Q83)) -> PM3 - 3000 KM | U83: =IF($Q83=0,"",INDEX(BD_INSPECCION!D:D,$Q83)) -> SUSPENSIÓN TRASERA
A84: =IFERROR(MATCH($C$9&"|66",BD_PLAN!$J:$J,0),0) -> 0 | B84: =IF($A84=0,"",IF($R84<>$R83,LEFT($R84,FIND(" ",$R84)-1),"")) | C84: =IF($A84=0,"",IF($R84<>$R83,INDEX(BD_CICLO!$E:$E,MATCH($C$9&"|"&$R84,BD_CICLO!$G:$G,0))&" "&$F$6,"")) | D84: =IF($A84=0,"",IF($R84<>$R83,IFERROR(1/(1/SUMPRODUCT(MAX((REGISTRO!$C$3:$C$2002=$C$6)*(REGISTRO!$H$3:$H$2002=$R84)*REGISTRO!$B$3:$B$2002))),""),"")) | E84: =IF($A84=0,"",IF(OR($R84<>$R83,$S84<>$S83),$S84,"")) | F84: =IF($A84=0,"",INDEX(BD_PLAN!E:E,$A84)) | G84: =IF($A84=0,"",INDEX(BD_PLAN!F:F,$A84)) | H84: =IF($A84=0,"",INDEX(BD_PLAN!G:G,$A84)) | I84: =IF($A84=0,"",INDEX(BD_PLAN!H:H,$A84)) | J84: =IF($A84=0,"",INDEX(BD_PLAN!I:I,$A84)) | K84: =IF($A84=0,"",IF($R84<>$R83,SUMIFS(BD_PLAN!$I$3:$I$312,BD_PLAN!$B$3:$B$312,$C$9,BD_PLAN!$C$3:$C$312,$R84),"")) | M84: =IF($Q84=0,"",IF($T84<>$T83,$T84,"")) | N84: =IF($Q84=0,"",IF(OR($T84<>$T83,$U84<>$U83),$U84,"")) -> CONTROLES | O84: =IF($Q84=0,"",INDEX(BD_INSPECCION!E:E,$Q84)) -> LUBRICAR | P84: =IF($Q84=0,"",INDEX(BD_INSPECCION!F:F,$Q84)) -> MANIJAS Y CABLES DE FRENO, EMBRAGUE Y ACELERADOR | Q84: =IFERROR(MATCH($C$9&"|66",BD_INSPECCION!$G:$G,0),0) -> 68 | R84: =IF($A84=0,"",INDEX(BD_PLAN!C:C,$A84)) | S84: =IF($A84=0,"",INDEX(BD_PLAN!D:D,$A84)) | T84: =IF($Q84=0,"",INDEX(BD_INSPECCION!C:C,$Q84)) -> PM3 - 3000 KM | U84: =IF($Q84=0,"",INDEX(BD_INSPECCION!D:D,$Q84)) -> CONTROLES
A85: =IFERROR(MATCH($C$9&"|67",BD_PLAN!$J:$J,0),0) -> 0 | B85: =IF($A85=0,"",IF($R85<>$R84,LEFT($R85,FIND(" ",$R85)-1),"")) | C85: =IF($A85=0,"",IF($R85<>$R84,INDEX(BD_CICLO!$E:$E,MATCH($C$9&"|"&$R85,BD_CICLO!$G:$G,0))&" "&$F$6,"")) | D85: =IF($A85=0,"",IF($R85<>$R84,IFERROR(1/(1/SUMPRODUCT(MAX((REGISTRO!$C$3:$C$2002=$C$6)*(REGISTRO!$H$3:$H$2002=$R85)*REGISTRO!$B$3:$B$2002))),""),"")) | E85: =IF($A85=0,"",IF(OR($R85<>$R84,$S85<>$S84),$S85,"")) | F85: =IF($A85=0,"",INDEX(BD_PLAN!E:E,$A85)) | G85: =IF($A85=0,"",INDEX(BD_PLAN!F:F,$A85)) | H85: =IF($A85=0,"",INDEX(BD_PLAN!G:G,$A85)) | I85: =IF($A85=0,"",INDEX(BD_PLAN!H:H,$A85)) | J85: =IF($A85=0,"",INDEX(BD_PLAN!I:I,$A85)) | K85: =IF($A85=0,"",IF($R85<>$R84,SUMIFS(BD_PLAN!$I$3:$I$312,BD_PLAN!$B$3:$B$312,$C$9,BD_PLAN!$C$3:$C$312,$R85),"")) | M85: =IF($Q85=0,"",IF($T85<>$T84,$T85,"")) | N85: =IF($Q85=0,"",IF(OR($T85<>$T84,$U85<>$U84),$U85,"")) -> RUEDAS | O85: =IF($Q85=0,"",INDEX(BD_INSPECCION!E:E,$Q85)) -> INSPECCIONAR | P85: =IF($Q85=0,"",INDEX(BD_INSPECCION!F:F,$Q85)) -> PRESIÓN, DESGASTE DE LLANTAS Y AJUSTE DE TUERCAS | Q85: =IFERROR(MATCH($C$9&"|67",BD_INSPECCION!$G:$G,0),0) -> 69 | R85: =IF($A85=0,"",INDEX(BD_PLAN!C:C,$A85)) | S85: =IF($A85=0,"",INDEX(BD_PLAN!D:D,$A85)) | T85: =IF($Q85=0,"",INDEX(BD_INSPECCION!C:C,$Q85)) -> PM3 - 3000 KM | U85: =IF($Q85=0,"",INDEX(BD_INSPECCION!D:D,$Q85)) -> RUEDAS
A86: =IFERROR(MATCH($C$9&"|68",BD_PLAN!$J:$J,0),0) -> 0 | B86: =IF($A86=0,"",IF($R86<>$R85,LEFT($R86,FIND(" ",$R86)-1),"")) | C86: =IF($A86=0,"",IF($R86<>$R85,INDEX(BD_CICLO!$E:$E,MATCH($C$9&"|"&$R86,BD_CICLO!$G:$G,0))&" "&$F$6,"")) | D86: =IF($A86=0,"",IF($R86<>$R85,IFERROR(1/(1/SUMPRODUCT(MAX((REGISTRO!$C$3:$C$2002=$C$6)*(REGISTRO!$H$3:$H$2002=$R86)*REGISTRO!$B$3:$B$2002))),""),"")) | E86: =IF($A86=0,"",IF(OR($R86<>$R85,$S86<>$S85),$S86,"")) | F86: =IF($A86=0,"",INDEX(BD_PLAN!E:E,$A86)) | G86: =IF($A86=0,"",INDEX(BD_PLAN!F:F,$A86)) | H86: =IF($A86=0,"",INDEX(BD_PLAN!G:G,$A86)) | I86: =IF($A86=0,"",INDEX(BD_PLAN!H:H,$A86)) | J86: =IF($A86=0,"",INDEX(BD_PLAN!I:I,$A86)) | K86: =IF($A86=0,"",IF($R86<>$R85,SUMIFS(BD_PLAN!$I$3:$I$312,BD_PLAN!$B$3:$B$312,$C$9,BD_PLAN!$C$3:$C$312,$R86),"")) | M86: =IF($Q86=0,"",IF($T86<>$T85,$T86,"")) | N86: =IF($Q86=0,"",IF(OR($T86<>$T85,$U86<>$U85),$U86,"")) -> SISTEMA ELÉCTRICO | O86: =IF($Q86=0,"",INDEX(BD_INSPECCION!E:E,$Q86)) -> INSPECCIONAR | P86: =IF($Q86=0,"",INDEX(BD_INSPECCION!F:F,$Q86)) -> BATERÍA, BORNES, LUCES, CLAXON E INTERRUPTORES | Q86: =IFERROR(MATCH($C$9&"|68",BD_INSPECCION!$G:$G,0),0) -> 70 | R86: =IF($A86=0,"",INDEX(BD_PLAN!C:C,$A86)) | S86: =IF($A86=0,"",INDEX(BD_PLAN!D:D,$A86)) | T86: =IF($Q86=0,"",INDEX(BD_INSPECCION!C:C,$Q86)) -> PM3 - 3000 KM | U86: =IF($Q86=0,"",INDEX(BD_INSPECCION!D:D,$Q86)) -> SISTEMA ELÉCTRICO
A87: =IFERROR(MATCH($C$9&"|69",BD_PLAN!$J:$J,0),0) -> 0 | B87: =IF($A87=0,"",IF($R87<>$R86,LEFT($R87,FIND(" ",$R87)-1),"")) | C87: =IF($A87=0,"",IF($R87<>$R86,INDEX(BD_CICLO!$E:$E,MATCH($C$9&"|"&$R87,BD_CICLO!$G:$G,0))&" "&$F$6,"")) | D87: =IF($A87=0,"",IF($R87<>$R86,IFERROR(1/(1/SUMPRODUCT(MAX((REGISTRO!$C$3:$C$2002=$C$6)*(REGISTRO!$H$3:$H$2002=$R87)*REGISTRO!$B$3:$B$2002))),""),"")) | E87: =IF($A87=0,"",IF(OR($R87<>$R86,$S87<>$S86),$S87,"")) | F87: =IF($A87=0,"",INDEX(BD_PLAN!E:E,$A87)) | G87: =IF($A87=0,"",INDEX(BD_PLAN!F:F,$A87)) | H87: =IF($A87=0,"",INDEX(BD_PLAN!G:G,$A87)) | I87: =IF($A87=0,"",INDEX(BD_PLAN!H:H,$A87)) | J87: =IF($A87=0,"",INDEX(BD_PLAN!I:I,$A87)) | K87: =IF($A87=0,"",IF($R87<>$R86,SUMIFS(BD_PLAN!$I$3:$I$312,BD_PLAN!$B$3:$B$312,$C$9,BD_PLAN!$C$3:$C$312,$R87),"")) | M87: =IF($Q87=0,"",IF($T87<>$T86,$T87,"")) | N87: =IF($Q87=0,"",IF(OR($T87<>$T86,$U87<>$U86),$U87,"")) -> CHASIS / TOLVA | O87: =IF($Q87=0,"",INDEX(BD_INSPECCION!E:E,$Q87)) -> INSPECCIONAR | P87: =IF($Q87=0,"",INDEX(BD_INSPECCION!F:F,$Q87)) -> SOLDADURAS, PERNOS DE TOLVA Y BASTIDOR | Q87: =IFERROR(MATCH($C$9&"|69",BD_INSPECCION!$G:$G,0),0) -> 71 | R87: =IF($A87=0,"",INDEX(BD_PLAN!C:C,$A87)) | S87: =IF($A87=0,"",INDEX(BD_PLAN!D:D,$A87)) | T87: =IF($Q87=0,"",INDEX(BD_INSPECCION!C:C,$Q87)) -> PM3 - 3000 KM | U87: =IF($Q87=0,"",INDEX(BD_INSPECCION!D:D,$Q87)) -> CHASIS / TOLVA
A88: =IFERROR(MATCH($C$9&"|70",BD_PLAN!$J:$J,0),0) -> 0 | B88: =IF($A88=0,"",IF($R88<>$R87,LEFT($R88,FIND(" ",$R88)-1),"")) | C88: =IF($A88=0,"",IF($R88<>$R87,INDEX(BD_CICLO!$E:$E,MATCH($C$9&"|"&$R88,BD_CICLO!$G:$G,0))&" "&$F$6,"")) | D88: =IF($A88=0,"",IF($R88<>$R87,IFERROR(1/(1/SUMPRODUCT(MAX((REGISTRO!$C$3:$C$2002=$C$6)*(REGISTRO!$H$3:$H$2002=$R88)*REGISTRO!$B$3:$B$2002))),""),"")) | E88: =IF($A88=0,"",IF(OR($R88<>$R87,$S88<>$S87),$S88,"")) | F88: =IF($A88=0,"",INDEX(BD_PLAN!E:E,$A88)) | G88: =IF($A88=0,"",INDEX(BD_PLAN!F:F,$A88)) | H88: =IF($A88=0,"",INDEX(BD_PLAN!G:G,$A88)) | I88: =IF($A88=0,"",INDEX(BD_PLAN!H:H,$A88)) | J88: =IF($A88=0,"",INDEX(BD_PLAN!I:I,$A88)) | K88: =IF($A88=0,"",IF($R88<>$R87,SUMIFS(BD_PLAN!$I$3:$I$312,BD_PLAN!$B$3:$B$312,$C$9,BD_PLAN!$C$3:$C$312,$R88),"")) | M88: =IF($Q88=0,"",IF($T88<>$T87,$T88,"")) -> PM4 - 4000 KM | N88: =IF($Q88=0,"",IF(OR($T88<>$T87,$U88<>$U87),$U88,"")) -> MOTOR | O88: =IF($Q88=0,"",INDEX(BD_INSPECCION!E:E,$Q88)) -> INSPECCIONAR | P88: =IF($Q88=0,"",INDEX(BD_INSPECCION!F:F,$Q88)) -> LUZ DE VÁLVULAS (REGULAR SI ES NECESARIO) | Q88: =IFERROR(MATCH($C$9&"|70",BD_INSPECCION!$G:$G,0),0) -> 72 | R88: =IF($A88=0,"",INDEX(BD_PLAN!C:C,$A88)) | S88: =IF($A88=0,"",INDEX(BD_PLAN!D:D,$A88)) | T88: =IF($Q88=0,"",INDEX(BD_INSPECCION!C:C,$Q88)) -> PM4 - 4000 KM | U88: =IF($Q88=0,"",INDEX(BD_INSPECCION!D:D,$Q88)) -> MOTOR
A89: =IFERROR(MATCH($C$9&"|71",BD_PLAN!$J:$J,0),0) -> 0 | B89: =IF($A89=0,"",IF($R89<>$R88,LEFT($R89,FIND(" ",$R89)-1),"")) | C89: =IF($A89=0,"",IF($R89<>$R88,INDEX(BD_CICLO!$E:$E,MATCH($C$9&"|"&$R89,BD_CICLO!$G:$G,0))&" "&$F$6,"")) | D89: =IF($A89=0,"",IF($R89<>$R88,IFERROR(1/(1/SUMPRODUCT(MAX((REGISTRO!$C$3:$C$2002=$C$6)*(REGISTRO!$H$3:$H$2002=$R89)*REGISTRO!$B$3:$B$2002))),""),"")) | E89: =IF($A89=0,"",IF(OR($R89<>$R88,$S89<>$S88),$S89,"")) | F89: =IF($A89=0,"",INDEX(BD_PLAN!E:E,$A89)) | G89: =IF($A89=0,"",INDEX(BD_PLAN!F:F,$A89)) | H89: =IF($A89=0,"",INDEX(BD_PLAN!G:G,$A89)) | I89: =IF($A89=0,"",INDEX(BD_PLAN!H:H,$A89)) | J89: =IF($A89=0,"",INDEX(BD_PLAN!I:I,$A89)) | K89: =IF($A89=0,"",IF($R89<>$R88,SUMIFS(BD_PLAN!$I$3:$I$312,BD_PLAN!$B$3:$B$312,$C$9,BD_PLAN!$C$3:$C$312,$R89),"")) | M89: =IF($Q89=0,"",IF($T89<>$T88,$T89,"")) | N89: =IF($Q89=0,"",IF(OR($T89<>$T88,$U89<>$U88),$U89,"")) | O89: =IF($Q89=0,"",INDEX(BD_INSPECCION!E:E,$Q89)) -> INSPECCIONAR | P89: =IF($Q89=0,"",INDEX(BD_INSPECCION!F:F,$Q89)) -> VELOCIDAD DE RALENTÍ | Q89: =IFERROR(MATCH($C$9&"|71",BD_INSPECCION!$G:$G,0),0) -> 73 | R89: =IF($A89=0,"",INDEX(BD_PLAN!C:C,$A89)) | S89: =IF($A89=0,"",INDEX(BD_PLAN!D:D,$A89)) | T89: =IF($Q89=0,"",INDEX(BD_INSPECCION!C:C,$Q89)) -> PM4 - 4000 KM | U89: =IF($Q89=0,"",INDEX(BD_INSPECCION!D:D,$Q89)) -> MOTOR
A90: =IFERROR(MATCH($C$9&"|72",BD_PLAN!$J:$J,0),0) -> 0 | B90: =IF($A90=0,"",IF($R90<>$R89,LEFT($R90,FIND(" ",$R90)-1),"")) | C90: =IF($A90=0,"",IF($R90<>$R89,INDEX(BD_CICLO!$E:$E,MATCH($C$9&"|"&$R90,BD_CICLO!$G:$G,0))&" "&$F$6,"")) | D90: =IF($A90=0,"",IF($R90<>$R89,IFERROR(1/(1/SUMPRODUCT(MAX((REGISTRO!$C$3:$C$2002=$C$6)*(REGISTRO!$H$3:$H$2002=$R90)*REGISTRO!$B$3:$B$2002))),""),"")) | E90: =IF($A90=0,"",IF(OR($R90<>$R89,$S90<>$S89),$S90,"")) | F90: =IF($A90=0,"",INDEX(BD_PLAN!E:E,$A90)) | G90: =IF($A90=0,"",INDEX(BD_PLAN!F:F,$A90)) | H90: =IF($A90=0,"",INDEX(BD_PLAN!G:G,$A90)) | I90: =IF($A90=0,"",INDEX(BD_PLAN!H:H,$A90)) | J90: =IF($A90=0,"",INDEX(BD_PLAN!I:I,$A90)) | K90: =IF($A90=0,"",IF($R90<>$R89,SUMIFS(BD_PLAN!$I$3:$I$312,BD_PLAN!$B$3:$B$312,$C$9,BD_PLAN!$C$3:$C$312,$R90),"")) | M90: =IF($Q90=0,"",IF($T90<>$T89,$T90,"")) | N90: =IF($Q90=0,"",IF(OR($T90<>$T89,$U90<>$U89),$U90,"")) | O90: =IF($Q90=0,"",INDEX(BD_INSPECCION!E:E,$Q90)) -> INSPECCIONAR | P90: =IF($Q90=0,"",INDEX(BD_INSPECCION!F:F,$Q90)) -> FUGAS DE ACEITE Y ESTADO DE EMPAQUES | Q90: =IFERROR(MATCH($C$9&"|72",BD_INSPECCION!$G:$G,0),0) -> 74 | R90: =IF($A90=0,"",INDEX(BD_PLAN!C:C,$A90)) | S90: =IF($A90=0,"",INDEX(BD_PLAN!D:D,$A90)) | T90: =IF($Q90=0,"",INDEX(BD_INSPECCION!C:C,$Q90)) -> PM4 - 4000 KM | U90: =IF($Q90=0,"",INDEX(BD_INSPECCION!D:D,$Q90)) -> MOTOR
A91: =IFERROR(MATCH($C$9&"|73",BD_PLAN!$J:$J,0),0) -> 0 | B91: =IF($A91=0,"",IF($R91<>$R90,LEFT($R91,FIND(" ",$R91)-1),"")) | C91: =IF($A91=0,"",IF($R91<>$R90,INDEX(BD_CICLO!$E:$E,MATCH($C$9&"|"&$R91,BD_CICLO!$G:$G,0))&" "&$F$6,"")) | D91: =IF($A91=0,"",IF($R91<>$R90,IFERROR(1/(1/SUMPRODUCT(MAX((REGISTRO!$C$3:$C$2002=$C$6)*(REGISTRO!$H$3:$H$2002=$R91)*REGISTRO!$B$3:$B$2002))),""),"")) | E91: =IF($A91=0,"",IF(OR($R91<>$R90,$S91<>$S90),$S91,"")) | F91: =IF($A91=0,"",INDEX(BD_PLAN!E:E,$A91)) | G91: =IF($A91=0,"",INDEX(BD_PLAN!F:F,$A91)) | H91: =IF($A91=0,"",INDEX(BD_PLAN!G:G,$A91)) | I91: =IF($A91=0,"",INDEX(BD_PLAN!H:H,$A91)) | J91: =IF($A91=0,"",INDEX(BD_PLAN!I:I,$A91)) | K91: =IF($A91=0,"",IF($R91<>$R90,SUMIFS(BD_PLAN!$I$3:$I$312,BD_PLAN!$B$3:$B$312,$C$9,BD_PLAN!$C$3:$C$312,$R91),"")) | M91: =IF($Q91=0,"",IF($T91<>$T90,$T91,"")) | N91: =IF($Q91=0,"",IF(OR($T91<>$T90,$U91<>$U90),$U91,"")) | O91: =IF($Q91=0,"",INDEX(BD_INSPECCION!E:E,$Q91)) -> LIMPIAR | P91: =IF($Q91=0,"",INDEX(BD_INSPECCION!F:F,$Q91)) -> MALLA (COLADOR) DE ACEITE | Q91: =IFERROR(MATCH($C$9&"|73",BD_INSPECCION!$G:$G,0),0) -> 75 | R91: =IF($A91=0,"",INDEX(BD_PLAN!C:C,$A91)) | S91: =IF($A91=0,"",INDEX(BD_PLAN!D:D,$A91)) | T91: =IF($Q91=0,"",INDEX(BD_INSPECCION!C:C,$Q91)) -> PM4 - 4000 KM | U91: =IF($Q91=0,"",INDEX(BD_INSPECCION!D:D,$Q91)) -> MOTOR
A92: =IFERROR(MATCH($C$9&"|74",BD_PLAN!$J:$J,0),0) -> 0 | B92: =IF($A92=0,"",IF($R92<>$R91,LEFT($R92,FIND(" ",$R92)-1),"")) | C92: =IF($A92=0,"",IF($R92<>$R91,INDEX(BD_CICLO!$E:$E,MATCH($C$9&"|"&$R92,BD_CICLO!$G:$G,0))&" "&$F$6,"")) | D92: =IF($A92=0,"",IF($R92<>$R91,IFERROR(1/(1/SUMPRODUCT(MAX((REGISTRO!$C$3:$C$2002=$C$6)*(REGISTRO!$H$3:$H$2002=$R92)*REGISTRO!$B$3:$B$2002))),""),"")) | E92: =IF($A92=0,"",IF(OR($R92<>$R91,$S92<>$S91),$S92,"")) | F92: =IF($A92=0,"",INDEX(BD_PLAN!E:E,$A92)) | G92: =IF($A92=0,"",INDEX(BD_PLAN!F:F,$A92)) | H92: =IF($A92=0,"",INDEX(BD_PLAN!G:G,$A92)) | I92: =IF($A92=0,"",INDEX(BD_PLAN!H:H,$A92)) | J92: =IF($A92=0,"",INDEX(BD_PLAN!I:I,$A92)) | K92: =IF($A92=0,"",IF($R92<>$R91,SUMIFS(BD_PLAN!$I$3:$I$312,BD_PLAN!$B$3:$B$312,$C$9,BD_PLAN!$C$3:$C$312,$R92),"")) | M92: =IF($Q92=0,"",IF($T92<>$T91,$T92,"")) | N92: =IF($Q92=0,"",IF(OR($T92<>$T91,$U92<>$U91),$U92,"")) -> COMBUSTIBLE | O92: =IF($Q92=0,"",INDEX(BD_INSPECCION!E:E,$Q92)) -> INSPECCIONAR | P92: =IF($Q92=0,"",INDEX(BD_INSPECCION!F:F,$Q92)) -> MANGUERA DE COMBUSTIBLE (GRIETAS Y FUGAS) | Q92: =IFERROR(MATCH($C$9&"|74",BD_INSPECCION!$G:$G,0),0) -> 76 | R92: =IF($A92=0,"",INDEX(BD_PLAN!C:C,$A92)) | S92: =IF($A92=0,"",INDEX(BD_PLAN!D:D,$A92)) | T92: =IF($Q92=0,"",INDEX(BD_INSPECCION!C:C,$Q92)) -> PM4 - 4000 KM | U92: =IF($Q92=0,"",INDEX(BD_INSPECCION!D:D,$Q92)) -> COMBUSTIBLE
A93: =IFERROR(MATCH($C$9&"|75",BD_PLAN!$J:$J,0),0) -> 0 | B93: =IF($A93=0,"",IF($R93<>$R92,LEFT($R93,FIND(" ",$R93)-1),"")) | C93: =IF($A93=0,"",IF($R93<>$R92,INDEX(BD_CICLO!$E:$E,MATCH($C$9&"|"&$R93,BD_CICLO!$G:$G,0))&" "&$F$6,"")) | D93: =IF($A93=0,"",IF($R93<>$R92,IFERROR(1/(1/SUMPRODUCT(MAX((REGISTRO!$C$3:$C$2002=$C$6)*(REGISTRO!$H$3:$H$2002=$R93)*REGISTRO!$B$3:$B$2002))),""),"")) | E93: =IF($A93=0,"",IF(OR($R93<>$R92,$S93<>$S92),$S93,"")) | F93: =IF($A93=0,"",INDEX(BD_PLAN!E:E,$A93)) | G93: =IF($A93=0,"",INDEX(BD_PLAN!F:F,$A93)) | H93: =IF($A93=0,"",INDEX(BD_PLAN!G:G,$A93)) | I93: =IF($A93=0,"",INDEX(BD_PLAN!H:H,$A93)) | J93: =IF($A93=0,"",INDEX(BD_PLAN!I:I,$A93)) | K93: =IF($A93=0,"",IF($R93<>$R92,SUMIFS(BD_PLAN!$I$3:$I$312,BD_PLAN!$B$3:$B$312,$C$9,BD_PLAN!$C$3:$C$312,$R93),"")) | M93: =IF($Q93=0,"",IF($T93<>$T92,$T93,"")) | N93: =IF($Q93=0,"",IF(OR($T93<>$T92,$U93<>$U92),$U93,"")) | O93: =IF($Q93=0,"",INDEX(BD_INSPECCION!E:E,$Q93)) -> INSPECCIONAR | P93: =IF($Q93=0,"",INDEX(BD_INSPECCION!F:F,$Q93)) -> FUNCIONAMIENTO DEL ACELERADOR Y CHOKE | Q93: =IFERROR(MATCH($C$9&"|75",BD_INSPECCION!$G:$G,0),0) -> 77 | R93: =IF($A93=0,"",INDEX(BD_PLAN!C:C,$A93)) | S93: =IF($A93=0,"",INDEX(BD_PLAN!D:D,$A93)) | T93: =IF($Q93=0,"",INDEX(BD_INSPECCION!C:C,$Q93)) -> PM4 - 4000 KM | U93: =IF($Q93=0,"",INDEX(BD_INSPECCION!D:D,$Q93)) -> COMBUSTIBLE
A94: =IFERROR(MATCH($C$9&"|76",BD_PLAN!$J:$J,0),0) -> 0 | B94: =IF($A94=0,"",IF($R94<>$R93,LEFT($R94,FIND(" ",$R94)-1),"")) | C94: =IF($A94=0,"",IF($R94<>$R93,INDEX(BD_CICLO!$E:$E,MATCH($C$9&"|"&$R94,BD_CICLO!$G:$G,0))&" "&$F$6,"")) | D94: =IF($A94=0,"",IF($R94<>$R93,IFERROR(1/(1/SUMPRODUCT(MAX((REGISTRO!$C$3:$C$2002=$C$6)*(REGISTRO!$H$3:$H$2002=$R94)*REGISTRO!$B$3:$B$2002))),""),"")) | E94: =IF($A94=0,"",IF(OR($R94<>$R93,$S94<>$S93),$S94,"")) | F94: =IF($A94=0,"",INDEX(BD_PLAN!E:E,$A94)) | G94: =IF($A94=0,"",INDEX(BD_PLAN!F:F,$A94)) | H94: =IF($A94=0,"",INDEX(BD_PLAN!G:G,$A94)) | I94: =IF($A94=0,"",INDEX(BD_PLAN!H:H,$A94)) | J94: =IF($A94=0,"",INDEX(BD_PLAN!I:I,$A94)) | K94: =IF($A94=0,"",IF($R94<>$R93,SUMIFS(BD_PLAN!$I$3:$I$312,BD_PLAN!$B$3:$B$312,$C$9,BD_PLAN!$C$3:$C$312,$R94),"")) | M94: =IF($Q94=0,"",IF($T94<>$T93,$T94,"")) | N94: =IF($Q94=0,"",IF(OR($T94<>$T93,$U94<>$U93),$U94,"")) -> TRANSMISIÓN | O94: =IF($Q94=0,"",INDEX(BD_INSPECCION!E:E,$Q94)) -> INSPECCIONAR | P94: =IF($Q94=0,"",INDEX(BD_INSPECCION!F:F,$Q94)) -> EMBRAGUE (JUEGO LIBRE DEL CABLE) Y CAMBIOS | Q94: =IFERROR(MATCH($C$9&"|76",BD_INSPECCION!$G:$G,0),0) -> 78 | R94: =IF($A94=0,"",INDEX(BD_PLAN!C:C,$A94)) | S94: =IF($A94=0,"",INDEX(BD_PLAN!D:D,$A94)) | T94: =IF($Q94=0,"",INDEX(BD_INSPECCION!C:C,$Q94)) -> PM4 - 4000 KM | U94: =IF($Q94=0,"",INDEX(BD_INSPECCION!D:D,$Q94)) -> TRANSMISIÓN
A95: =IFERROR(MATCH($C$9&"|77",BD_PLAN!$J:$J,0),0) -> 0 | B95: =IF($A95=0,"",IF($R95<>$R94,LEFT($R95,FIND(" ",$R95)-1),"")) | C95: =IF($A95=0,"",IF($R95<>$R94,INDEX(BD_CICLO!$E:$E,MATCH($C$9&"|"&$R95,BD_CICLO!$G:$G,0))&" "&$F$6,"")) | D95: =IF($A95=0,"",IF($R95<>$R94,IFERROR(1/(1/SUMPRODUCT(MAX((REGISTRO!$C$3:$C$2002=$C$6)*(REGISTRO!$H$3:$H$2002=$R95)*REGISTRO!$B$3:$B$2002))),""),"")) | E95: =IF($A95=0,"",IF(OR($R95<>$R94,$S95<>$S94),$S95,"")) | F95: =IF($A95=0,"",INDEX(BD_PLAN!E:E,$A95)) | G95: =IF($A95=0,"",INDEX(BD_PLAN!F:F,$A95)) | H95: =IF($A95=0,"",INDEX(BD_PLAN!G:G,$A95)) | I95: =IF($A95=0,"",INDEX(BD_PLAN!H:H,$A95)) | J95: =IF($A95=0,"",INDEX(BD_PLAN!I:I,$A95)) | K95: =IF($A95=0,"",IF($R95<>$R94,SUMIFS(BD_PLAN!$I$3:$I$312,BD_PLAN!$B$3:$B$312,$C$9,BD_PLAN!$C$3:$C$312,$R95),"")) | M95: =IF($Q95=0,"",IF($T95<>$T94,$T95,"")) | N95: =IF($Q95=0,"",IF(OR($T95<>$T94,$U95<>$U94),$U95,"")) -> CARDÁN | O95: =IF($Q95=0,"",INDEX(BD_INSPECCION!E:E,$Q95)) -> INSPECCIONAR | P95: =IF($Q95=0,"",INDEX(BD_INSPECCION!F:F,$Q95)) -> CRUCETAS (JUEGO) Y GUARDAPOLVOS | Q95: =IFERROR(MATCH($C$9&"|77",BD_INSPECCION!$G:$G,0),0) -> 79 | R95: =IF($A95=0,"",INDEX(BD_PLAN!C:C,$A95)) | S95: =IF($A95=0,"",INDEX(BD_PLAN!D:D,$A95)) | T95: =IF($Q95=0,"",INDEX(BD_INSPECCION!C:C,$Q95)) -> PM4 - 4000 KM | U95: =IF($Q95=0,"",INDEX(BD_INSPECCION!D:D,$Q95)) -> CARDÁN
A96: =IFERROR(MATCH($C$9&"|78",BD_PLAN!$J:$J,0),0) -> 0 | B96: =IF($A96=0,"",IF($R96<>$R95,LEFT($R96,FIND(" ",$R96)-1),"")) | C96: =IF($A96=0,"",IF($R96<>$R95,INDEX(BD_CICLO!$E:$E,MATCH($C$9&"|"&$R96,BD_CICLO!$G:$G,0))&" "&$F$6,"")) | D96: =IF($A96=0,"",IF($R96<>$R95,IFERROR(1/(1/SUMPRODUCT(MAX((REGISTRO!$C$3:$C$2002=$C$6)*(REGISTRO!$H$3:$H$2002=$R96)*REGISTRO!$B$3:$B$2002))),""),"")) | E96: =IF($A96=0,"",IF(OR($R96<>$R95,$S96<>$S95),$S96,"")) | F96: =IF($A96=0,"",INDEX(BD_PLAN!E:E,$A96)) | G96: =IF($A96=0,"",INDEX(BD_PLAN!F:F,$A96)) | H96: =IF($A96=0,"",INDEX(BD_PLAN!G:G,$A96)) | I96: =IF($A96=0,"",INDEX(BD_PLAN!H:H,$A96)) | J96: =IF($A96=0,"",INDEX(BD_PLAN!I:I,$A96)) | K96: =IF($A96=0,"",IF($R96<>$R95,SUMIFS(BD_PLAN!$I$3:$I$312,BD_PLAN!$B$3:$B$312,$C$9,BD_PLAN!$C$3:$C$312,$R96),"")) | M96: =IF($Q96=0,"",IF($T96<>$T95,$T96,"")) | N96: =IF($Q96=0,"",IF(OR($T96<>$T95,$U96<>$U95),$U96,"")) | O96: =IF($Q96=0,"",INDEX(BD_INSPECCION!E:E,$Q96)) -> LUBRICAR | P96: =IF($Q96=0,"",INDEX(BD_INSPECCION!F:F,$Q96)) -> CRUCETAS Y ESTRIADO DEL CARDÁN | Q96: =IFERROR(MATCH($C$9&"|78",BD_INSPECCION!$G:$G,0),0) -> 80 | R96: =IF($A96=0,"",INDEX(BD_PLAN!C:C,$A96)) | S96: =IF($A96=0,"",INDEX(BD_PLAN!D:D,$A96)) | T96: =IF($Q96=0,"",INDEX(BD_INSPECCION!C:C,$Q96)) -> PM4 - 4000 KM | U96: =IF($Q96=0,"",INDEX(BD_INSPECCION!D:D,$Q96)) -> CARDÁN
A97: =IFERROR(MATCH($C$9&"|79",BD_PLAN!$J:$J,0),0) -> 0 | B97: =IF($A97=0,"",IF($R97<>$R96,LEFT($R97,FIND(" ",$R97)-1),"")) | C97: =IF($A97=0,"",IF($R97<>$R96,INDEX(BD_CICLO!$E:$E,MATCH($C$9&"|"&$R97,BD_CICLO!$G:$G,0))&" "&$F$6,"")) | D97: =IF($A97=0,"",IF($R97<>$R96,IFERROR(1/(1/SUMPRODUCT(MAX((REGISTRO!$C$3:$C$2002=$C$6)*(REGISTRO!$H$3:$H$2002=$R97)*REGISTRO!$B$3:$B$2002))),""),"")) | E97: =IF($A97=0,"",IF(OR($R97<>$R96,$S97<>$S96),$S97,"")) | F97: =IF($A97=0,"",INDEX(BD_PLAN!E:E,$A97)) | G97: =IF($A97=0,"",INDEX(BD_PLAN!F:F,$A97)) | H97: =IF($A97=0,"",INDEX(BD_PLAN!G:G,$A97)) | I97: =IF($A97=0,"",INDEX(BD_PLAN!H:H,$A97)) | J97: =IF($A97=0,"",INDEX(BD_PLAN!I:I,$A97)) | K97: =IF($A97=0,"",IF($R97<>$R96,SUMIFS(BD_PLAN!$I$3:$I$312,BD_PLAN!$B$3:$B$312,$C$9,BD_PLAN!$C$3:$C$312,$R97),"")) | M97: =IF($Q97=0,"",IF($T97<>$T96,$T97,"")) | N97: =IF($Q97=0,"",IF(OR($T97<>$T96,$U97<>$U96),$U97,"")) -> DIFERENCIAL | O97: =IF($Q97=0,"",INDEX(BD_INSPECCION!E:E,$Q97)) -> INSPECCIONAR | P97: =IF($Q97=0,"",INDEX(BD_INSPECCION!F:F,$Q97)) -> NIVEL DE ACEITE Y FUGAS | Q97: =IFERROR(MATCH($C$9&"|79",BD_INSPECCION!$G:$G,0),0) -> 81 | R97: =IF($A97=0,"",INDEX(BD_PLAN!C:C,$A97)) | S97: =IF($A97=0,"",INDEX(BD_PLAN!D:D,$A97)) | T97: =IF($Q97=0,"",INDEX(BD_INSPECCION!C:C,$Q97)) -> PM4 - 4000 KM | U97: =IF($Q97=0,"",INDEX(BD_INSPECCION!D:D,$Q97)) -> DIFERENCIAL
A98: =IFERROR(MATCH($C$9&"|80",BD_PLAN!$J:$J,0),0) -> 0 | B98: =IF($A98=0,"",IF($R98<>$R97,LEFT($R98,FIND(" ",$R98)-1),"")) | C98: =IF($A98=0,"",IF($R98<>$R97,INDEX(BD_CICLO!$E:$E,MATCH($C$9&"|"&$R98,BD_CICLO!$G:$G,0))&" "&$F$6,"")) | D98: =IF($A98=0,"",IF($R98<>$R97,IFERROR(1/(1/SUMPRODUCT(MAX((REGISTRO!$C$3:$C$2002=$C$6)*(REGISTRO!$H$3:$H$2002=$R98)*REGISTRO!$B$3:$B$2002))),""),"")) | E98: =IF($A98=0,"",IF(OR($R98<>$R97,$S98<>$S97),$S98,"")) | F98: =IF($A98=0,"",INDEX(BD_PLAN!E:E,$A98)) | G98: =IF($A98=0,"",INDEX(BD_PLAN!F:F,$A98)) | H98: =IF($A98=0,"",INDEX(BD_PLAN!G:G,$A98)) | I98: =IF($A98=0,"",INDEX(BD_PLAN!H:H,$A98)) | J98: =IF($A98=0,"",INDEX(BD_PLAN!I:I,$A98)) | K98: =IF($A98=0,"",IF($R98<>$R97,SUMIFS(BD_PLAN!$I$3:$I$312,BD_PLAN!$B$3:$B$312,$C$9,BD_PLAN!$C$3:$C$312,$R98),"")) | M98: =IF($Q98=0,"",IF($T98<>$T97,$T98,"")) | N98: =IF($Q98=0,"",IF(OR($T98<>$T97,$U98<>$U97),$U98,"")) | O98: =IF($Q98=0,"",INDEX(BD_INSPECCION!E:E,$Q98)) -> INSPECCIONAR | P98: =IF($Q98=0,"",INDEX(BD_INSPECCION!F:F,$Q98)) -> RUIDOS Y RESPIRADERO | Q98: =IFERROR(MATCH($C$9&"|80",BD_INSPECCION!$G:$G,0),0) -> 82 | R98: =IF($A98=0,"",INDEX(BD_PLAN!C:C,$A98)) | S98: =IF($A98=0,"",INDEX(BD_PLAN!D:D,$A98)) | T98: =IF($Q98=0,"",INDEX(BD_INSPECCION!C:C,$Q98)) -> PM4 - 4000 KM | U98: =IF($Q98=0,"",INDEX(BD_INSPECCION!D:D,$Q98)) -> DIFERENCIAL
M99: =IF($Q99=0,"",IF($T99<>$T98,$T99,"")) | N99: =IF($Q99=0,"",IF(OR($T99<>$T98,$U99<>$U98),$U99,"")) -> EJES / RODAJES | O99: =IF($Q99=0,"",INDEX(BD_INSPECCION!E:E,$Q99)) -> INSPECCIONAR | P99: =IF($Q99=0,"",INDEX(BD_INSPECCION!F:F,$Q99)) -> PALIERES, RODAJES DE RUEDA Y RETENES (JUEGO, RUIDO Y FUGAS) | Q99: =IFERROR(MATCH($C$9&"|81",BD_INSPECCION!$G:$G,0),0) -> 83 | T99: =IF($Q99=0,"",INDEX(BD_INSPECCION!C:C,$Q99)) -> PM4 - 4000 KM | U99: =IF($Q99=0,"",INDEX(BD_INSPECCION!D:D,$Q99)) -> EJES / RODAJES
M100: =IF($Q100=0,"",IF($T100<>$T99,$T100,"")) | N100: =IF($Q100=0,"",IF(OR($T100<>$T99,$U100<>$U99),$U100,"")) -> FRENOS | O100: =IF($Q100=0,"",INDEX(BD_INSPECCION!E:E,$Q100)) -> INSPECCIONAR | P100: =IF($Q100=0,"",INDEX(BD_INSPECCION!F:F,$Q100)) -> ZAPATAS, TAMBORES, CABLES Y JUEGO LIBRE DE PALANCA Y PEDAL | Q100: =IFERROR(MATCH($C$9&"|82",BD_INSPECCION!$G:$G,0),0) -> 84 | T100: =IF($Q100=0,"",INDEX(BD_INSPECCION!C:C,$Q100)) -> PM4 - 4000 KM | U100: =IF($Q100=0,"",INDEX(BD_INSPECCION!D:D,$Q100)) -> FRENOS
M101: =IF($Q101=0,"",IF($T101<>$T100,$T101,"")) | N101: =IF($Q101=0,"",IF(OR($T101<>$T100,$U101<>$U100),$U101,"")) -> DIRECCIÓN | O101: =IF($Q101=0,"",INDEX(BD_INSPECCION!E:E,$Q101)) -> INSPECCIONAR | P101: =IF($Q101=0,"",INDEX(BD_INSPECCION!F:F,$Q101)) -> RODAJES DE DIRECCIÓN Y JUEGO DEL TIMÓN | Q101: =IFERROR(MATCH($C$9&"|83",BD_INSPECCION!$G:$G,0),0) -> 85 | T101: =IF($Q101=0,"",INDEX(BD_INSPECCION!C:C,$Q101)) -> PM4 - 4000 KM | U101: =IF($Q101=0,"",INDEX(BD_INSPECCION!D:D,$Q101)) -> DIRECCIÓN
M102: =IF($Q102=0,"",IF($T102<>$T101,$T102,"")) | N102: =IF($Q102=0,"",IF(OR($T102<>$T101,$U102<>$U101),$U102,"")) | O102: =IF($Q102=0,"",INDEX(BD_INSPECCION!E:E,$Q102)) -> LUBRICAR | P102: =IF($Q102=0,"",INDEX(BD_INSPECCION!F:F,$Q102)) -> RODAJES DE DIRECCIÓN | Q102: =IFERROR(MATCH($C$9&"|84",BD_INSPECCION!$G:$G,0),0) -> 86 | T102: =IF($Q102=0,"",INDEX(BD_INSPECCION!C:C,$Q102)) -> PM4 - 4000 KM | U102: =IF($Q102=0,"",INDEX(BD_INSPECCION!D:D,$Q102)) -> DIRECCIÓN
M103: =IF($Q103=0,"",IF($T103<>$T102,$T103,"")) | N103: =IF($Q103=0,"",IF(OR($T103<>$T102,$U103<>$U102),$U103,"")) -> SUSPENSIÓN DELANTERA | O103: =IF($Q103=0,"",INDEX(BD_INSPECCION!E:E,$Q103)) -> INSPECCIONAR | P103: =IF($Q103=0,"",INDEX(BD_INSPECCION!F:F,$Q103)) -> HORQUILLAS: FUGAS DE RETENES Y FUNCIONAMIENTO | Q103: =IFERROR(MATCH($C$9&"|85",BD_INSPECCION!$G:$G,0),0) -> 87 | T103: =IF($Q103=0,"",INDEX(BD_INSPECCION!C:C,$Q103)) -> PM4 - 4000 KM | U103: =IF($Q103=0,"",INDEX(BD_INSPECCION!D:D,$Q103)) -> SUSPENSIÓN DELANTERA
M104: =IF($Q104=0,"",IF($T104<>$T103,$T104,"")) | N104: =IF($Q104=0,"",IF(OR($T104<>$T103,$U104<>$U103),$U104,"")) -> SUSPENSIÓN TRASERA | O104: =IF($Q104=0,"",INDEX(BD_INSPECCION!E:E,$Q104)) -> INSPECCIONAR | P104: =IF($Q104=0,"",INDEX(BD_INSPECCION!F:F,$Q104)) -> MUELLES (HOJAS ROTAS), ABRAZADERAS, BUJES Y AMORTIGUADOR | Q104: =IFERROR(MATCH($C$9&"|86",BD_INSPECCION!$G:$G,0),0) -> 88 | T104: =IF($Q104=0,"",INDEX(BD_INSPECCION!C:C,$Q104)) -> PM4 - 4000 KM | U104: =IF($Q104=0,"",INDEX(BD_INSPECCION!D:D,$Q104)) -> SUSPENSIÓN TRASERA
M105: =IF($Q105=0,"",IF($T105<>$T104,$T105,"")) | N105: =IF($Q105=0,"",IF(OR($T105<>$T104,$U105<>$U104),$U105,"")) -> CONTROLES | O105: =IF($Q105=0,"",INDEX(BD_INSPECCION!E:E,$Q105)) -> LUBRICAR | P105: =IF($Q105=0,"",INDEX(BD_INSPECCION!F:F,$Q105)) -> MANIJAS Y CABLES DE FRENO, EMBRAGUE Y ACELERADOR | Q105: =IFERROR(MATCH($C$9&"|87",BD_INSPECCION!$G:$G,0),0) -> 89 | T105: =IF($Q105=0,"",INDEX(BD_INSPECCION!C:C,$Q105)) -> PM4 - 4000 KM | U105: =IF($Q105=0,"",INDEX(BD_INSPECCION!D:D,$Q105)) -> CONTROLES
...

Sheet FORMATO
B2: FORMATO DE MANTENIMIENTO PREVENTIVO
B4: EQUIPO | C4: 04101 - VL001- TRIMOTO MAVILA 1 - CAMPO | L4: =MATCH(LEFT(C4,5),EQUIPOS!$B$3:$B$18,0)+2 -> 3
B5: MANTENIMIENTO | C5: PM1 - 1000 KM | E5: PROGRAMADO A | F5: =IFERROR(INDEX(BD_CICLO!$E:$E,MATCH($L$5&"|"&$C$5,BD_CICLO!$G:$G,0))&" "&$L$6,"") -> 1000 KM | H5: N° OT | L5: =INDEX(EQUIPOS!F:F,$L$4) -> TRIMOTO MAVILA CARGO 250
B6: FECHA | E6: KM / HORÓMETRO REAL | L6: =INDEX(EQUIPOS!G:G,$L$4) -> KM
B7: TÉCNICO | E7: HORA INICIO / FIN
B9: MATERIALES A CAMBIAR
B10: SISTEMA | C10: MATERIAL | F10: CANT. | G10: UND. | H10: CAMBIADO | J10: CANT. USADA
B11: =IF($L11=0,"",$M11) -> MOTOR | C11: =IF($L11=0,"",INDEX(BD_PLAN!E:E,$L11)) -> ACEITE MOTOR 20W50 4T MINERAL | F11: =IF($L11=0,"",INDEX(BD_PLAN!F:F,$L11)) -> 1.5 | G11: =IF($L11=0,"",INDEX(BD_PLAN!G:G,$L11)) -> L | H11: =IF($L11=0,"","SI ☐ NO ☐") -> SI ☐ NO ☐ | L11: =IFERROR(MATCH($L$5&"|"&$C$5&"|1",BD_PLAN!$K:$K,0),0) -> 3 | M11: =IF($L11=0,"",INDEX(BD_PLAN!D:D,$L11)) -> MOTOR
B12: =IF($L12=0,"",IF($M12<>$M11,$M12,"")) | C12: =IF($L12=0,"",INDEX(BD_PLAN!E:E,$L12)) -> ARANDELA TAPÓN DE DRENAJE | F12: =IF($L12=0,"",INDEX(BD_PLAN!F:F,$L12)) -> 1 | G12: =IF($L12=0,"",INDEX(BD_PLAN!G:G,$L12)) -> UND. | H12: =IF($L12=0,"","SI ☐ NO ☐") -> SI ☐ NO ☐ | L12: =IFERROR(MATCH($L$5&"|"&$C$5&"|2",BD_PLAN!$K:$K,0),0) -> 4 | M12: =IF($L12=0,"",INDEX(BD_PLAN!D:D,$L12)) -> MOTOR
B13: =IF($L13=0,"",IF($M13<>$M12,$M13,"")) -> CHASIS | C13: =IF($L13=0,"",INDEX(BD_PLAN!E:E,$L13)) -> GRASA MULTIPROPÓSITO | F13: =IF($L13=0,"",INDEX(BD_PLAN!F:F,$L13)) -> 0.5 | G13: =IF($L13=0,"",INDEX(BD_PLAN!G:G,$L13)) -> LBRS | H13: =IF($L13=0,"","SI ☐ NO ☐") -> SI ☐ NO ☐ | L13: =IFERROR(MATCH($L$5&"|"&$C$5&"|3",BD_PLAN!$K:$K,0),0) -> 5 | M13: =IF($L13=0,"",INDEX(BD_PLAN!D:D,$L13)) -> CHASIS
B14: =IF($L14=0,"",IF($M14<>$M13,$M14,"")) -> SERVICIO GENERAL | C14: =IF($L14=0,"",INDEX(BD_PLAN!E:E,$L14)) -> TRAPO INDUSTRIAL | F14: =IF($L14=0,"",INDEX(BD_PLAN!F:F,$L14)) -> 0.5 | G14: =IF($L14=0,"",INDEX(BD_PLAN!G:G,$L14)) -> KG | H14: =IF($L14=0,"","SI ☐ NO ☐") -> SI ☐ NO ☐ | L14: =IFERROR(MATCH($L$5&"|"&$C$5&"|4",BD_PLAN!$K:$K,0),0) -> 6 | M14: =IF($L14=0,"",INDEX(BD_PLAN!D:D,$L14)) -> SERVICIO GENERAL
B15: =IF($L15=0,"",IF($M15<>$M14,$M15,"")) | C15: =IF($L15=0,"",INDEX(BD_PLAN!E:E,$L15)) -> GASOLINA 90 OCT | F15: =IF($L15=0,"",INDEX(BD_PLAN!F:F,$L15)) -> 0.25 | G15: =IF($L15=0,"",INDEX(BD_PLAN!G:G,$L15)) -> GL | H15: =IF($L15=0,"","SI ☐ NO ☐") -> SI ☐ NO ☐ | L15: =IFERROR(MATCH($L$5&"|"&$C$5&"|5",BD_PLAN!$K:$K,0),0) -> 7 | M15: =IF($L15=0,"",INDEX(BD_PLAN!D:D,$L15)) -> SERVICIO GENERAL
B16: =IF($L16=0,"",IF($M16<>$M15,$M16,"")) -> COMBUSTIBLE | C16: =IF($L16=0,"",INDEX(BD_PLAN!E:E,$L16)) -> LIMPIA CARBURADOR | F16: =IF($L16=0,"",INDEX(BD_PLAN!F:F,$L16)) -> 0.5 | G16: =IF($L16=0,"",INDEX(BD_PLAN!G:G,$L16)) -> UND. | H16: =IF($L16=0,"","SI ☐ NO ☐") -> SI ☐ NO ☐ | L16: =IFERROR(MATCH($L$5&"|"&$C$5&"|6",BD_PLAN!$K:$K,0),0) -> 8 | M16: =IF($L16=0,"",INDEX(BD_PLAN!D:D,$L16)) -> COMBUSTIBLE
B17: =IF($L17=0,"",IF($M17<>$M16,$M17,"")) | C17: =IF($L17=0,"",INDEX(BD_PLAN!E:E,$L17)) | F17: =IF($L17=0,"",INDEX(BD_PLAN!F:F,$L17)) | G17: =IF($L17=0,"",INDEX(BD_PLAN!G:G,$L17)) | H17: =IF($L17=0,"","SI ☐ NO ☐") | L17: =IFERROR(MATCH($L$5&"|"&$C$5&"|7",BD_PLAN!$K:$K,0),0) -> 0 | M17: =IF($L17=0,"",INDEX(BD_PLAN!D:D,$L17))
B18: =IF($L18=0,"",IF($M18<>$M17,$M18,"")) | C18: =IF($L18=0,"",INDEX(BD_PLAN!E:E,$L18)) | F18: =IF($L18=0,"",INDEX(BD_PLAN!F:F,$L18)) | G18: =IF($L18=0,"",INDEX(BD_PLAN!G:G,$L18)) | H18: =IF($L18=0,"","SI ☐ NO ☐") | L18: =IFERROR(MATCH($L$5&"|"&$C$5&"|8",BD_PLAN!$K:$K,0),0) -> 0 | M18: =IF($L18=0,"",INDEX(BD_PLAN!D:D,$L18))
B19: =IF($L19=0,"",IF($M19<>$M18,$M19,"")) | C19: =IF($L19=0,"",INDEX(BD_PLAN!E:E,$L19)) | F19: =IF($L19=0,"",INDEX(BD_PLAN!F:F,$L19)) | G19: =IF($L19=0,"",INDEX(BD_PLAN!G:G,$L19)) | H19: =IF($L19=0,"","SI ☐ NO ☐") | L19: =IFERROR(MATCH($L$5&"|"&$C$5&"|9",BD_PLAN!$K:$K,0),0) -> 0 | M19: =IF($L19=0,"",INDEX(BD_PLAN!D:D,$L19))
B20: =IF($L20=0,"",IF($M20<>$M19,$M20,"")) | C20: =IF($L20=0,"",INDEX(BD_PLAN!E:E,$L20)) | F20: =IF($L20=0,"",INDEX(BD_PLAN!F:F,$L20)) | G20: =IF($L20=0,"",INDEX(BD_PLAN!G:G,$L20)) | H20: =IF($L20=0,"","SI ☐ NO ☐") | L20: =IFERROR(MATCH($L$5&"|"&$C$5&"|10",BD_PLAN!$K:$K,0),0) -> 0 | M20: =IF($L20=0,"",INDEX(BD_PLAN!D:D,$L20))
B21: =IF($L21=0,"",IF($M21<>$M20,$M21,"")) | C21: =IF($L21=0,"",INDEX(BD_PLAN!E:E,$L21)) | F21: =IF($L21=0,"",INDEX(BD_PLAN!F:F,$L21)) | G21: =IF($L21=0,"",INDEX(BD_PLAN!G:G,$L21)) | H21: =IF($L21=0,"","SI ☐ NO ☐") | L21: =IFERROR(MATCH($L$5&"|"&$C$5&"|11",BD_PLAN!$K:$K,0),0) -> 0 | M21: =IF($L21=0,"",INDEX(BD_PLAN!D:D,$L21))
B22: =IF($L22=0,"",IF($M22<>$M21,$M22,"")) | C22: =IF($L22=0,"",INDEX(BD_PLAN!E:E,$L22)) | F22: =IF($L22=0,"",INDEX(BD_PLAN!F:F,$L22)) | G22: =IF($L22=0,"",INDEX(BD_PLAN!G:G,$L22)) | H22: =IF($L22=0,"","SI ☐ NO ☐") | L22: =IFERROR(MATCH($L$5&"|"&$C$5&"|12",BD_PLAN!$K:$K,0),0) -> 0 | M22: =IF($L22=0,"",INDEX(BD_PLAN!D:D,$L22))
B23: =IF($L23=0,"",IF($M23<>$M22,$M23,"")) | C23: =IF($L23=0,"",INDEX(BD_PLAN!E:E,$L23)) | F23: =IF($L23=0,"",INDEX(BD_PLAN!F:F,$L23)) | G23: =IF($L23=0,"",INDEX(BD_PLAN!G:G,$L23)) | H23: =IF($L23=0,"","SI ☐ NO ☐") | L23: =IFERROR(MATCH($L$5&"|"&$C$5&"|13",BD_PLAN!$K:$K,0),0) -> 0 | M23: =IF($L23=0,"",INDEX(BD_PLAN!D:D,$L23))
B24: =IF($L24=0,"",IF($M24<>$M23,$M24,"")) | C24: =IF($L24=0,"",INDEX(BD_PLAN!E:E,$L24)) | F24: =IF($L24=0,"",INDEX(BD_PLAN!F:F,$L24)) | G24: =IF($L24=0,"",INDEX(BD_PLAN!G:G,$L24)) | H24: =IF($L24=0,"","SI ☐ NO ☐") | L24: =IFERROR(MATCH($L$5&"|"&$C$5&"|14",BD_PLAN!$K:$K,0),0) -> 0 | M24: =IF($L24=0,"",INDEX(BD_PLAN!D:D,$L24))
B26: CHECK LIST DE INSPECCIÓN
B27: SISTEMA | C27: ACTIVIDAD | D27: TAREA | G27: OK | H27: NO OK | I27: OBSERVACIÓN
B28: =IF($L28=0,"",$M28) -> MOTOR | C28: =IF($L28=0,"",INDEX(BD_INSPECCION!E:E,$L28)) -> INSPECCIONAR | D28: =IF($L28=0,"",INDEX(BD_INSPECCION!F:F,$L28)) -> LUZ DE VÁLVULAS (REGULAR SI ES NECESARIO) | G28: =IF($L28=0,"","☐") -> ☐ | H28: =IF($L28=0,"","☐") -> ☐ | L28: =IFERROR(MATCH($L$5&"|"&$C$5&"|1",BD_INSPECCION!$H:$H,0),0) -> 3 | M28: =IF($L28=0,"",INDEX(BD_INSPECCION!D:D,$L28)) -> MOTOR
B29: =IF($L29=0,"",IF($M29<>$M28,$M29,"")) | C29: =IF($L29=0,"",INDEX(BD_INSPECCION!E:E,$L29)) -> INSPECCIONAR | D29: =IF($L29=0,"",INDEX(BD_INSPECCION!F:F,$L29)) -> VELOCIDAD DE RALENTÍ | G29: =IF($L29=0,"","☐") -> ☐ | H29: =IF($L29=0,"","☐") -> ☐ | L29: =IFERROR(MATCH($L$5&"|"&$C$5&"|2",BD_INSPECCION!$H:$H,0),0) -> 4 | M29: =IF($L29=0,"",INDEX(BD_INSPECCION!D:D,$L29)) -> MOTOR
B30: =IF($L30=0,"",IF($M30<>$M29,$M30,"")) | C30: =IF($L30=0,"",INDEX(BD_INSPECCION!E:E,$L30)) -> INSPECCIONAR | D30: =IF($L30=0,"",INDEX(BD_INSPECCION!F:F,$L30)) -> FUGAS DE ACEITE Y ESTADO DE EMPAQUES | G30: =IF($L30=0,"","☐") -> ☐ | H30: =IF($L30=0,"","☐") -> ☐ | L30: =IFERROR(MATCH($L$5&"|"&$C$5&"|3",BD_INSPECCION!$H:$H,0),0) -> 5 | M30: =IF($L30=0,"",INDEX(BD_INSPECCION!D:D,$L30)) -> MOTOR
B31: =IF($L31=0,"",IF($M31<>$M30,$M31,"")) | C31: =IF($L31=0,"",INDEX(BD_INSPECCION!E:E,$L31)) -> LIMPIAR | D31: =IF($L31=0,"",INDEX(BD_INSPECCION!F:F,$L31)) -> MALLA (COLADOR) DE ACEITE | G31: =IF($L31=0,"","☐") -> ☐ | H31: =IF($L31=0,"","☐") -> ☐ | L31: =IFERROR(MATCH($L$5&"|"&$C$5&"|4",BD_INSPECCION!$H:$H,0),0) -> 6 | M31: =IF($L31=0,"",INDEX(BD_INSPECCION!D:D,$L31)) -> MOTOR
B32: =IF($L32=0,"",IF($M32<>$M31,$M32,"")) -> ADMISIÓN DE AIRE | C32: =IF($L32=0,"",INDEX(BD_INSPECCION!E:E,$L32)) -> LIMPIAR | D32: =IF($L32=0,"",INDEX(BD_INSPECCION!F:F,$L32)) -> FILTRO DE AIRE | G32: =IF($L32=0,"","☐") -> ☐ | H32: =IF($L32=0,"","☐") -> ☐ | L32: =IFERROR(MATCH($L$5&"|"&$C$5&"|5",BD_INSPECCION!$H:$H,0),0) -> 7 | M32: =IF($L32=0,"",INDEX(BD_INSPECCION!D:D,$L32)) -> ADMISIÓN DE AIRE
B33: =IF($L33=0,"",IF($M33<>$M32,$M33,"")) -> COMBUSTIBLE | C33: =IF($L33=0,"",INDEX(BD_INSPECCION!E:E,$L33)) -> INSPECCIONAR | D33: =IF($L33=0,"",INDEX(BD_INSPECCION!F:F,$L33)) -> MANGUERA DE COMBUSTIBLE (GRIETAS Y FUGAS) | G33: =IF($L33=0,"","☐") -> ☐ | H33: =IF($L33=0,"","☐") -> ☐ | L33: =IFERROR(MATCH($L$5&"|"&$C$5&"|6",BD_INSPECCION!$H:$H,0),0) -> 8 | M33: =IF($L33=0,"",INDEX(BD_INSPECCION!D:D,$L33)) -> COMBUSTIBLE
B34: =IF($L34=0,"",IF($M34<>$M33,$M34,"")) | C34: =IF($L34=0,"",INDEX(BD_INSPECCION!E:E,$L34)) -> INSPECCIONAR | D34: =IF($L34=0,"",INDEX(BD_INSPECCION!F:F,$L34)) -> FUNCIONAMIENTO DEL ACELERADOR Y CHOKE | G34: =IF($L34=0,"","☐") -> ☐ | H34: =IF($L34=0,"","☐") -> ☐ | L34: =IFERROR(MATCH($L$5&"|"&$C$5&"|7",BD_INSPECCION!$H:$H,0),0) -> 9 | M34: =IF($L34=0,"",INDEX(BD_INSPECCION!D:D,$L34)) -> COMBUSTIBLE
B35: =IF($L35=0,"",IF($M35<>$M34,$M35,"")) -> ENCENDIDO | C35: =IF($L35=0,"",INDEX(BD_INSPECCION!E:E,$L35)) -> INSPECCIONAR | D35: =IF($L35=0,"",INDEX(BD_INSPECCION!F:F,$L35)) -> BUJÍA: LIMPIAR Y CALIBRAR | G35: =IF($L35=0,"","☐") -> ☐ | H35: =IF($L35=0,"","☐") -> ☐ | L35: =IFERROR(MATCH($L$5&"|"&$C$5&"|8",BD_INSPECCION!$H:$H,0),0) -> 10 | M35: =IF($L35=0,"",INDEX(BD_INSPECCION!D:D,$L35)) -> ENCENDIDO
B36: =IF($L36=0,"",IF($M36<>$M35,$M36,"")) -> TRANSMISIÓN | C36: =IF($L36=0,"",INDEX(BD_INSPECCION!E:E,$L36)) -> INSPECCIONAR | D36: =IF($L36=0,"",INDEX(BD_INSPECCION!F:F,$L36)) -> EMBRAGUE (JUEGO LIBRE DEL CABLE) Y CAMBIOS | G36: =IF($L36=0,"","☐") -> ☐ | H36: =IF($L36=0,"","☐") -> ☐ | L36: =IFERROR(MATCH($L$5&"|"&$C$5&"|9",BD_INSPECCION!$H:$H,0),0) -> 11 | M36: =IF($L36=0,"",INDEX(BD_INSPECCION!D:D,$L36)) -> TRANSMISIÓN
B37: =IF($L37=0,"",IF($M37<>$M36,$M37,"")) -> CARDÁN | C37: =IF($L37=0,"",INDEX(BD_INSPECCION!E:E,$L37)) -> INSPECCIONAR | D37: =IF($L37=0,"",INDEX(BD_INSPECCION!F:F,$L37)) -> CRUCETAS (JUEGO) Y GUARDAPOLVOS | G37: =IF($L37=0,"","☐") -> ☐ | H37: =IF($L37=0,"","☐") -> ☐ | L37: =IFERROR(MATCH($L$5&"|"&$C$5&"|10",BD_INSPECCION!$H:$H,0),0) -> 12 | M37: =IF($L37=0,"",INDEX(BD_INSPECCION!D:D,$L37)) -> CARDÁN
B38: =IF($L38=0,"",IF($M38<>$M37,$M38,"")) | C38: =IF($L38=0,"",INDEX(BD_INSPECCION!E:E,$L38)) -> LUBRICAR | D38: =IF($L38=0,"",INDEX(BD_INSPECCION!F:F,$L38)) -> CRUCETAS Y ESTRIADO DEL CARDÁN | G38: =IF($L38=0,"","☐") -> ☐ | H38: =IF($L38=0,"","☐") -> ☐ | L38: =IFERROR(MATCH($L$5&"|"&$C$5&"|11",BD_INSPECCION!$H:$H,0),0) -> 13 | M38: =IF($L38=0,"",INDEX(BD_INSPECCION!D:D,$L38)) -> CARDÁN
B39: =IF($L39=0,"",IF($M39<>$M38,$M39,"")) -> DIFERENCIAL | C39: =IF($L39=0,"",INDEX(BD_INSPECCION!E:E,$L39)) -> INSPECCIONAR | D39: =IF($L39=0,"",INDEX(BD_INSPECCION!F:F,$L39)) -> NIVEL DE ACEITE Y FUGAS | G39: =IF($L39=0,"","☐") -> ☐ | H39: =IF($L39=0,"","☐") -> ☐ | L39: =IFERROR(MATCH($L$5&"|"&$C$5&"|12",BD_INSPECCION!$H:$H,0),0) -> 14 | M39: =IF($L39=0,"",INDEX(BD_INSPECCION!D:D,$L39)) -> DIFERENCIAL
B40: =IF($L40=0,"",IF($M40<>$M39,$M40,"")) | C40: =IF($L40=0,"",INDEX(BD_INSPECCION!E:E,$L40)) -> INSPECCIONAR | D40: =IF($L40=0,"",INDEX(BD_INSPECCION!F:F,$L40)) -> RUIDOS Y RESPIRADERO | G40: =IF($L40=0,"","☐") -> ☐ | H40: =IF($L40=0,"","☐") -> ☐ | L40: =IFERROR(MATCH($L$5&"|"&$C$5&"|13",BD_INSPECCION!$H:$H,0),0) -> 15 | M40: =IF($L40=0,"",INDEX(BD_INSPECCION!D:D,$L40)) -> DIFERENCIAL
B41: =IF($L41=0,"",IF($M41<>$M40,$M41,"")) -> EJES / RODAJES | C41: =IF($L41=0,"",INDEX(BD_INSPECCION!E:E,$L41)) -> INSPECCIONAR | D41: =IF($L41=0,"",INDEX(BD_INSPECCION!F:F,$L41)) -> PALIERES, RODAJES DE RUEDA Y RETENES (JUEGO, RUIDO Y FUGAS) | G41: =IF($L41=0,"","☐") -> ☐ | H41: =IF($L41=0,"","☐") -> ☐ | L41: =IFERROR(MATCH($L$5&"|"&$C$5&"|14",BD_INSPECCION!$H:$H,0),0) -> 16 | M41: =IF($L41=0,"",INDEX(BD_INSPECCION!D:D,$L41)) -> EJES / RODAJES
B42: =IF($L42=0,"",IF($M42<>$M41,$M42,"")) -> FRENOS | C42: =IF($L42=0,"",INDEX(BD_INSPECCION!E:E,$L42)) -> INSPECCIONAR | D42: =IF($L42=0,"",INDEX(BD_INSPECCION!F:F,$L42)) -> ZAPATAS, TAMBORES, CABLES Y JUEGO LIBRE DE PALANCA Y PEDAL | G42: =IF($L42=0,"","☐") -> ☐ | H42: =IF($L42=0,"","☐") -> ☐ | L42: =IFERROR(MATCH($L$5&"|"&$C$5&"|15",BD_INSPECCION!$H:$H,0),0) -> 17 | M42: =IF($L42=0,"",INDEX(BD_INSPECCION!D:D,$L42)) -> FRENOS
B43: =IF($L43=0,"",IF($M43<>$M42,$M43,"")) -> DIRECCIÓN | C43: =IF($L43=0,"",INDEX(BD_INSPECCION!E:E,$L43)) -> INSPECCIONAR | D43: =IF($L43=0,"",INDEX(BD_INSPECCION!F:F,$L43)) -> RODAJES DE DIRECCIÓN Y JUEGO DEL TIMÓN | G43: =IF($L43=0,"","☐") -> ☐ | H43: =IF($L43=0,"","☐") -> ☐ | L43: =IFERROR(MATCH($L$5&"|"&$C$5&"|16",BD_INSPECCION!$H:$H,0),0) -> 18 | M43: =IF($L43=0,"",INDEX(BD_INSPECCION!D:D,$L43)) -> DIRECCIÓN
B44: =IF($L44=0,"",IF($M44<>$M43,$M44,"")) | C44: =IF($L44=0,"",INDEX(BD_INSPECCION!E:E,$L44)) -> LUBRICAR | D44: =IF($L44=0,"",INDEX(BD_INSPECCION!F:F,$L44)) -> RODAJES DE DIRECCIÓN | G44: =IF($L44=0,"","☐") -> ☐ | H44: =IF($L44=0,"","☐") -> ☐ | L44: =IFERROR(MATCH($L$5&"|"&$C$5&"|17",BD_INSPECCION!$H:$H,0),0) -> 19 | M44: =IF($L44=0,"",INDEX(BD_INSPECCION!D:D,$L44)) -> DIRECCIÓN
B45: =IF($L45=0,"",IF($M45<>$M44,$M45,"")) -> SUSPENSIÓN DELANTERA | C45: =IF($L45=0,"",INDEX(BD_INSPECCION!E:E,$L45)) -> INSPECCIONAR | D45: =IF($L45=0,"",INDEX(BD_INSPECCION!F:F,$L45)) -> HORQUILLAS: FUGAS DE RETENES Y FUNCIONAMIENTO | G45: =IF($L45=0,"","☐") -> ☐ | H45: =IF($L45=0,"","☐") -> ☐ | L45: =IFERROR(MATCH($L$5&"|"&$C$5&"|18",BD_INSPECCION!$H:$H,0),0) -> 20 | M45: =IF($L45=0,"",INDEX(BD_INSPECCION!D:D,$L45)) -> SUSPENSIÓN DELANTERA
B46: =IF($L46=0,"",IF($M46<>$M45,$M46,"")) -> SUSPENSIÓN TRASERA | C46: =IF($L46=0,"",INDEX(BD_INSPECCION!E:E,$L46)) -> INSPECCIONAR | D46: =IF($L46=0,"",INDEX(BD_INSPECCION!F:F,$L46)) -> MUELLES (HOJAS ROTAS), ABRAZADERAS, BUJES Y AMORTIGUADOR | G46: =IF($L46=0,"","☐") -> ☐ | H46: =IF($L46=0,"","☐") -> ☐ | L46: =IFERROR(MATCH($L$5&"|"&$C$5&"|19",BD_INSPECCION!$H:$H,0),0) -> 21 | M46: =IF($L46=0,"",INDEX(BD_INSPECCION!D:D,$L46)) -> SUSPENSIÓN TRASERA
B47: =IF($L47=0,"",IF($M47<>$M46,$M47,"")) -> CONTROLES | C47: =IF($L47=0,"",INDEX(BD_INSPECCION!E:E,$L47)) -> LUBRICAR | D47: =IF($L47=0,"",INDEX(BD_INSPECCION!F:F,$L47)) -> MANIJAS Y CABLES DE FRENO, EMBRAGUE Y ACELERADOR | G47: =IF($L47=0,"","☐") -> ☐ | H47: =IF($L47=0,"","☐") -> ☐ | L47: =IFERROR(MATCH($L$5&"|"&$C$5&"|20",BD_INSPECCION!$H:$H,0),0) -> 22 | M47: =IF($L47=0,"",INDEX(BD_INSPECCION!D:D,$L47)) -> CONTROLES
B48: =IF($L48=0,"",IF($M48<>$M47,$M48,"")) -> RUEDAS | C48: =IF($L48=0,"",INDEX(BD_INSPECCION!E:E,$L48)) -> INSPECCIONAR | D48: =IF($L48=0,"",INDEX(BD_INSPECCION!F:F,$L48)) -> PRESIÓN, DESGASTE DE LLANTAS Y AJUSTE DE TUERCAS | G48: =IF($L48=0,"","☐") -> ☐ | H48: =IF($L48=0,"","☐") -> ☐ | L48: =IFERROR(MATCH($L$5&"|"&$C$5&"|21",BD_INSPECCION!$H:$H,0),0) -> 23 | M48: =IF($L48=0,"",INDEX(BD_INSPECCION!D:D,$L48)) -> RUEDAS
B49: =IF($L49=0,"",IF($M49<>$M48,$M49,"")) -> SISTEMA ELÉCTRICO | C49: =IF($L49=0,"",INDEX(BD_INSPECCION!E:E,$L49)) -> INSPECCIONAR | D49: =IF($L49=0,"",INDEX(BD_INSPECCION!F:F,$L49)) -> BATERÍA, BORNES, LUCES, CLAXON E INTERRUPTORES | G49: =IF($L49=0,"","☐") -> ☐ | H49: =IF($L49=0,"","☐") -> ☐ | L49: =IFERROR(MATCH($L$5&"|"&$C$5&"|22",BD_INSPECCION!$H:$H,0),0) -> 24 | M49: =IF($L49=0,"",INDEX(BD_INSPECCION!D:D,$L49)) -> SISTEMA ELÉCTRICO
B50: =IF($L50=0,"",IF($M50<>$M49,$M50,"")) -> CHASIS / TOLVA | C50: =IF($L50=0,"",INDEX(BD_INSPECCION!E:E,$L50)) -> INSPECCIONAR | D50: =IF($L50=0,"",INDEX(BD_INSPECCION!F:F,$L50)) -> SOLDADURAS, PERNOS DE TOLVA Y BASTIDOR | G50: =IF($L50=0,"","☐") -> ☐ | H50: =IF($L50=0,"","☐") -> ☐ | L50: =IFERROR(MATCH($L$5&"|"&$C$5&"|23",BD_INSPECCION!$H:$H,0),0) -> 25 | M50: =IF($L50=0,"",INDEX(BD_INSPECCION!D:D,$L50)) -> CHASIS / TOLVA
B51: =IF($L51=0,"",IF($M51<>$M50,$M51,"")) | C51: =IF($L51=0,"",INDEX(BD_INSPECCION!E:E,$L51)) | D51: =IF($L51=0,"",INDEX(BD_INSPECCION!F:F,$L51)) | G51: =IF($L51=0,"","☐") | H51: =IF($L51=0,"","☐") | L51: =IFERROR(MATCH($L$5&"|"&$C$5&"|24",BD_INSPECCION!$H:$H,0),0) -> 0 | M51: =IF($L51=0,"",INDEX(BD_INSPECCION!D:D,$L51))
B52: =IF($L52=0,"",IF($M52<>$M51,$M52,"")) | C52: =IF($L52=0,"",INDEX(BD_INSPECCION!E:E,$L52)) | D52: =IF($L52=0,"",INDEX(BD_INSPECCION!F:F,$L52)) | G52: =IF($L52=0,"","☐") | H52: =IF($L52=0,"","☐") | L52: =IFERROR(MATCH($L$5&"|"&$C$5&"|25",BD_INSPECCION!$H:$H,0),0) -> 0 | M52: =IF($L52=0,"",INDEX(BD_INSPECCION!D:D,$L52))
B53: =IF($L53=0,"",IF($M53<>$M52,$M53,"")) | C53: =IF($L53=0,"",INDEX(BD_INSPECCION!E:E,$L53)) | D53: =IF($L53=0,"",INDEX(BD_INSPECCION!F:F,$L53)) | G53: =IF($L53=0,"","☐") | H53: =IF($L53=0,"","☐") | L53: =IFERROR(MATCH($L$5&"|"&$C$5&"|26",BD_INSPECCION!$H:$H,0),0) -> 0 | M53: =IF($L53=0,"",INDEX(BD_INSPECCION!D:D,$L53))
B55: CAMBIOS FUERA DEL PLAN / OBSERVACIONES
B65: FIRMA - TÉCNICO | F65: FIRMA - SUPERVISOR DE MANTENIMIENTO

Sheet REGISTRO
B2: FECHA | C2: CÓDIGO | D2: EQUIPO | E2: PLAN | F2: CONTROL | G2: LECTURA (KM / HR) | H2: MANTENIMIENTO REALIZADO | I2: N° OT | J2: TÉCNICO | K2: COSTO PM (S/) | L2: CAMBIOS FUERA DEL PLAN | M2: OBSERVACIONES
D3: =IF(C3="","",IFERROR(VLOOKUP(C3,EQUIPOS!$B$3:$C$18,2,0),"NO EXISTE")) | E3: =IF(C3="","",IFERROR(VLOOKUP(C3,EQUIPOS!$B$3:$F$18,5,0),"")) | F3: =IF(C3="","",IFERROR(VLOOKUP(C3,EQUIPOS!$B$3:$G$18,6,0),"")) | K3: =IF(H3="","",IFERROR(SUMIFS(BD_PLAN!$I$3:$I$312,BD_PLAN!$B$3:$B$312,E3,BD_PLAN!$C$3:$C$312,INDEX(BD_CICLO!$F$3:$F$54,MATCH(E3&"|"&H3,BD_CICLO!$G$3:$G$54,0))),"")) | N3: =IF(C3="","",C3&"|"&COUNTIF(C$3:C3,C3)) | O3: =IF(OR(C3="",M3=""),"",C3&"|"&COUNTIFS(C$3:C3,C3,M$3:M3,"<>"))
D4: =IF(C4="","",IFERROR(VLOOKUP(C4,EQUIPOS!$B$3:$C$18,2,0),"NO EXISTE")) | E4: =IF(C4="","",IFERROR(VLOOKUP(C4,EQUIPOS!$B$3:$F$18,5,0),"")) | F4: =IF(C4="","",IFERROR(VLOOKUP(C4,EQUIPOS!$B$3:$G$18,6,0),"")) | K4: =IF(H4="","",IFERROR(SUMIFS(BD_PLAN!$I$3:$I$312,BD_PLAN!$B$3:$B$312,E4,BD_PLAN!$C$3:$C$312,INDEX(BD_CICLO!$F$3:$F$54,MATCH(E4&"|"&H4,BD_CICLO!$G$3:$G$54,0))),"")) | N4: =IF(C4="","",C4&"|"&COUNTIF(C$3:C4,C4)) | O4: =IF(OR(C4="",M4=""),"",C4&"|"&COUNTIFS(C$3:C4,C4,M$3:M4,"<>"))
D5: =IF(C5="","",IFERROR(VLOOKUP(C5,EQUIPOS!$B$3:$C$18,2,0),"NO EXISTE")) | E5: =IF(C5="","",IFERROR(VLOOKUP(C5,EQUIPOS!$B$3:$F$18,5,0),"")) | F5: =IF(C5="","",IFERROR(VLOOKUP(C5,EQUIPOS!$B$3:$G$18,6,0),"")) | K5: =IF(H5="","",IFERROR(SUMIFS(BD_PLAN!$I$3:$I$312,BD_PLAN!$B$3:$B$312,E5,BD_PLAN!$C$3:$C$312,INDEX(BD_CICLO!$F$3:$F$54,MATCH(E5&"|"&H5,BD_CICLO!$G$3:$G$54,0))),"")) | N5: =IF(C5="","",C5&"|"&COUNTIF(C$3:C5,C5)) | O5: =IF(OR(C5="",M5=""),"",C5&"|"&COUNTIFS(C$3:C5,C5,M$3:M5,"<>"))
D6: =IF(C6="","",IFERROR(VLOOKUP(C6,EQUIPOS!$B$3:$C$18,2,0),"NO EXISTE")) | E6: =IF(C6="","",IFERROR(VLOOKUP(C6,EQUIPOS!$B$3:$F$18,5,0),"")) | F6: =IF(C6="","",IFERROR(VLOOKUP(C6,EQUIPOS!$B$3:$G$18,6,0),"")) | K6: =IF(H6="","",IFERROR(SUMIFS(BD_PLAN!$I$3:$I$312,BD_PLAN!$B$3:$B$312,E6,BD_PLAN!$C$3:$C$312,INDEX(BD_CICLO!$F$3:$F$54,MATCH(E6&"|"&H6,BD_CICLO!$G$3:$G$54,0))),"")) | N6: =IF(C6="","",C6&"|"&COUNTIF(C$3:C6,C6)) | O6: =IF(OR(C6="",M6=""),"",C6&"|"&COUNTIFS(C$3:C6,C6,M$3:M6,"<>"))
D7: =IF(C7="","",IFERROR(VLOOKUP(C7,EQUIPOS!$B$3:$C$18,2,0),"NO EXISTE")) | E7: =IF(C7="","",IFERROR(VLOOKUP(C7,EQUIPOS!$B$3:$F$18,5,0),"")) | F7: =IF(C7="","",IFERROR(VLOOKUP(C7,EQUIPOS!$B$3:$G$18,6,0),"")) | K7: =IF(H7="","",IFERROR(SUMIFS(BD_PLAN!$I$3:$I$312,BD_PLAN!$B$3:$B$312,E7,BD_PLAN!$C$3:$C$312,INDEX(BD_CICLO!$F$3:$F$54,MATCH(E7&"|"&H7,BD_CICLO!$G$3:$G$54,0))),"")) | N7: =IF(C7="","",C7&"|"&COUNTIF(C$3:C7,C7)) | O7: =IF(OR(C7="",M7=""),"",C7&"|"&COUNTIFS(C$3:C7,C7,M$3:M7,"<>"))
D8: =IF(C8="","",IFERROR(VLOOKUP(C8,EQUIPOS!$B$3:$C$18,2,0),"NO EXISTE")) | E8: =IF(C8="","",IFERROR(VLOOKUP(C8,EQUIPOS!$B$3:$F$18,5,0),"")) | F8: =IF(C8="","",IFERROR(VLOOKUP(C8,EQUIPOS!$B$3:$G$18,6,0),"")) | K8: =IF(H8="","",IFERROR(SUMIFS(BD_PLAN!$I$3:$I$312,BD_PLAN!$B$3:$B$312,E8,BD_PLAN!$C$3:$C$312,INDEX(BD_CICLO!$F$3:$F$54,MATCH(E8&"|"&H8,BD_CICLO!$G$3:$G$54,0))),"")) | N8: =IF(C8="","",C8&"|"&COUNTIF(C$3:C8,C8)) | O8: =IF(OR(C8="",M8=""),"",C8&"|"&COUNTIFS(C$3:C8,C8,M$3:M8,"<>"))
D9: =IF(C9="","",IFERROR(VLOOKUP(C9,EQUIPOS!$B$3:$C$18,2,0),"NO EXISTE")) | E9: =IF(C9="","",IFERROR(VLOOKUP(C9,EQUIPOS!$B$3:$F$18,5,0),"")) | F9: =IF(C9="","",IFERROR(VLOOKUP(C9,EQUIPOS!$B$3:$G$18,6,0),"")) | K9: =IF(H9="","",IFERROR(SUMIFS(BD_PLAN!$I$3:$I$312,BD_PLAN!$B$3:$B$312,E9,BD_PLAN!$C$3:$C$312,INDEX(BD_CICLO!$F$3:$F$54,MATCH(E9&"|"&H9,BD_CICLO!$G$3:$G$54,0))),"")) | N9: =IF(C9="","",C9&"|"&COUNTIF(C$3:C9,C9)) | O9: =IF(OR(C9="",M9=""),"",C9&"|"&COUNTIFS(C$3:C9,C9,M$3:M9,"<>"))
D10: =IF(C10="","",IFERROR(VLOOKUP(C10,EQUIPOS!$B$3:$C$18,2,0),"NO EXISTE")) | E10: =IF(C10="","",IFERROR(VLOOKUP(C10,EQUIPOS!$B$3:$F$18,5,0),"")) | F10: =IF(C10="","",IFERROR(VLOOKUP(C10,EQUIPOS!$B$3:$G$18,6,0),"")) | K10: =IF(H10="","",IFERROR(SUMIFS(BD_PLAN!$I$3:$I$312,BD_PLAN!$B$3:$B$312,E10,BD_PLAN!$C$3:$C$312,INDEX(BD_CICLO!$F$3:$F$54,MATCH(E10&"|"&H10,BD_CICLO!$G$3:$G$54,0))),"")) | N10: =IF(C10="","",C10&"|"&COUNTIF(C$3:C10,C10)) | O10: =IF(OR(C10="",M10=""),"",C10&"|"&COUNTIFS(C$3:C10,C10,M$3:M10,"<>"))
D11: =IF(C11="","",IFERROR(VLOOKUP(C11,EQUIPOS!$B$3:$C$18,2,0),"NO EXISTE")) | E11: =IF(C11="","",IFERROR(VLOOKUP(C11,EQUIPOS!$B$3:$F$18,5,0),"")) | F11: =IF(C11="","",IFERROR(VLOOKUP(C11,EQUIPOS!$B$3:$G$18,6,0),"")) | K11: =IF(H11="","",IFERROR(SUMIFS(BD_PLAN!$I$3:$I$312,BD_PLAN!$B$3:$B$312,E11,BD_PLAN!$C$3:$C$312,INDEX(BD_CICLO!$F$3:$F$54,MATCH(E11&"|"&H11,BD_CICLO!$G$3:$G$54,0))),"")) | N11: =IF(C11="","",C11&"|"&COUNTIF(C$3:C11,C11)) | O11: =IF(OR(C11="",M11=""),"",C11&"|"&COUNTIFS(C$3:C11,C11,M$3:M11,"<>"))
D12: =IF(C12="","",IFERROR(VLOOKUP(C12,EQUIPOS!$B$3:$C$18,2,0),"NO EXISTE")) | E12: =IF(C12="","",IFERROR(VLOOKUP(C12,EQUIPOS!$B$3:$F$18,5,0),"")) | F12: =IF(C12="","",IFERROR(VLOOKUP(C12,EQUIPOS!$B$3:$G$18,6,0),"")) | K12: =IF(H12="","",IFERROR(SUMIFS(BD_PLAN!$I$3:$I$312,BD_PLAN!$B$3:$B$312,E12,BD_PLAN!$C$3:$C$312,INDEX(BD_CICLO!$F$3:$F$54,MATCH(E12&"|"&H12,BD_CICLO!$G$3:$G$54,0))),"")) | N12: =IF(C12="","",C12&"|"&COUNTIF(C$3:C12,C12)) | O12: =IF(OR(C12="",M12=""),"",C12&"|"&COUNTIFS(C$3:C12,C12,M$3:M12,"<>"))
D13: =IF(C13="","",IFERROR(VLOOKUP(C13,EQUIPOS!$B$3:$C$18,2,0),"NO EXISTE")) | E13: =IF(C13="","",IFERROR(VLOOKUP(C13,EQUIPOS!$B$3:$F$18,5,0),"")) | F13: =IF(C13="","",IFERROR(VLOOKUP(C13,EQUIPOS!$B$3:$G$18,6,0),"")) | K13: =IF(H13="","",IFERROR(SUMIFS(BD_PLAN!$I$3:$I$312,BD_PLAN!$B$3:$B$312,E13,BD_PLAN!$C$3:$C$312,INDEX(BD_CICLO!$F$3:$F$54,MATCH(E13&"|"&H13,BD_CICLO!$G$3:$G$54,0))),"")) | N13: =IF(C13="","",C13&"|"&COUNTIF(C$3:C13,C13)) | O13: =IF(OR(C13="",M13=""),"",C13&"|"&COUNTIFS(C$3:C13,C13,M$3:M13,"<>"))
D14: =IF(C14="","",IFERROR(VLOOKUP(C14,EQUIPOS!$B$3:$C$18,2,0),"NO EXISTE")) | E14: =IF(C14="","",IFERROR(VLOOKUP(C14,EQUIPOS!$B$3:$F$18,5,0),"")) | F14: =IF(C14="","",IFERROR(VLOOKUP(C14,EQUIPOS!$B$3:$G$18,6,0),"")) | K14: =IF(H14="","",IFERROR(SUMIFS(BD_PLAN!$I$3:$I$312,BD_PLAN!$B$3:$B$312,E14,BD_PLAN!$C$3:$C$312,INDEX(BD_CICLO!$F$3:$F$54,MATCH(E14&"|"&H14,BD_CICLO!$G$3:$G$54,0))),"")) | N14: =IF(C14="","",C14&"|"&COUNTIF(C$3:C14,C14)) | O14: =IF(OR(C14="",M14=""),"",C14&"|"&COUNTIFS(C$3:C14,C14,M$3:M14,"<>"))
... D2002: =IF(C2002="","",IFERROR(VLOOKUP(C2002,EQUIPOS!$B$3:$C$18,2,0),"NO EXISTE")) | E2002: =IF(C2002="","",IFERROR(VLOOKUP(C2002,EQUIPOS!$B$3:$F$18,5,0),"")) | F2002: =IF(C2002="","",IFERROR(VLOOKUP(C2002,EQUIPOS!$B$3:$G$18,6,0),"")) | K2002: =IF(H2002="","",IFERROR(SUMIFS(BD_PLAN!$I$3:$I$312,BD_PLAN!$B$3:$B$312,E2002,BD_PLAN!$C$3:$C$312,INDEX(BD_CICLO!$F$3:$F$54,MATCH(E2002&"|"&H2002,BD_CICLO!$G$3:$G$54,0))),"")) | N2002: =IF(C2002="","",C2002&"|"&COUNTIF(C$3:C2002,C2002)) | O2002: =IF(OR(C2002="",M2002=""),"",C2002&"|"&COUNTIFS(C$3:C2002,C2002,M$3:M2002,"<>"))

Sheet EQUIPOS
B2: CÓDIGO | C2: DESCRIPCIÓN | D2: ÁREA | E2: CRITICIDAD | F2: PLAN | G2: CONTROL | H2: INTERVALO | I2: LECTURA ACTUAL | J2: FECHA LECTURA | K2: ÚLTIMO MANTENIMIENTO | L2: FECHA ÚLTIMO | M2: LECTURA ÚLTIMO | N2: PRÓXIMO MANTENIMIENTO | O2: PRÓXIMO A | P2: FALTA | Q2: ESTADO | R2: FILA REG | S2: ORDEN | T2: BUSCADOR
B3: 04101 | C3: VL001- TRIMOTO MAVILA 1 - CAMPO | D3: RIEGO | E3: BAJO | F3: TRIMOTO MAVILA CARGO 250 | G3: KM | H3: 1000 | K3: =IF(R3=0,"SIN REGISTRO",INDEX(REGISTRO!H:H,R3)) -> SIN REGISTRO | L3: =IF(R3=0,"",INDEX(REGISTRO!B:B,R3)) | M3: =IF(OR(R3=0,G3="MESES"),"",INDEX(REGISTRO!G:G,R3)) | N3: =IFERROR(INDEX(BD_CICLO!$D$3:$D$54,MATCH(F3&"|"&(MOD(S3,COUNTIF(BD_CICLO!$B$3:$B$54,F3))+1),BD_CICLO!$H$3:$H$54,0)),"") -> PM1 - 1000 KM | O3: =IF(R3=0,"",IF(G3="MESES",TEXT(EDATE(L3,H3),"dd/mm/yyyy"),M3+H3)) | P3: =IF(R3=0,"",IF(G3="MESES",EDATE(L3,H3)-TODAY(),O3-MAX(I3,M3))) | Q3: =IF(R3=0,"SIN REGISTRO",IF(P3<=0,"VENCIDO",IF(P3<=IF(G3="MESES",15,H3*0.1),"PRÓXIMO","AL DÍA"))) -> SIN REGISTRO | R3: =IFERROR(MATCH(B3&"|"&COUNTIF(REGISTRO!$C$3:$C$2002,B3),REGISTRO!$N:$N,0),0) -> 0 | S3: =IF(R3=0,0,IFERROR(INDEX(BD_CICLO!$C$3:$C$54,MATCH(F3&"|"&K3,BD_CICLO!$G$3:$G$54,0)),0)) -> 0 | T3: =B3&" - "&C3 -> 04101 - VL001- TRIMOTO MAVILA 1 - CAMPO
B4: 04102 | C4: VL002- TRIMOTO MAVILA 2 - CAMPO | D4: SANIDAD | E4: BAJO | F4: TRIMOTO MAVILA CARGO 250 | G4: KM | H4: 1000 | K4: =IF(R4=0,"SIN REGISTRO",INDEX(REGISTRO!H:H,R4)) -> SIN REGISTRO | L4: =IF(R4=0,"",INDEX(REGISTRO!B:B,R4)) | M4: =IF(OR(R4=0,G4="MESES"),"",INDEX(REGISTRO!G:G,R4)) | N4: =IFERROR(INDEX(BD_CICLO!$D$3:$D$54,MATCH(F4&"|"&(MOD(S4,COUNTIF(BD_CICLO!$B$3:$B$54,F4))+1),BD_CICLO!$H$3:$H$54,0)),"") -> PM1 - 1000 KM | O4: =IF(R4=0,"",IF(G4="MESES",TEXT(EDATE(L4,H4),"dd/mm/yyyy"),M4+H4)) | P4: =IF(R4=0,"",IF(G4="MESES",EDATE(L4,H4)-TODAY(),O4-MAX(I4,M4))) | Q4: =IF(R4=0,"SIN REGISTRO",IF(P4<=0,"VENCIDO",IF(P4<=IF(G4="MESES",15,H4*0.1),"PRÓXIMO","AL DÍA"))) -> SIN REGISTRO | R4: =IFERROR(MATCH(B4&"|"&COUNTIF(REGISTRO!$C$3:$C$2002,B4),REGISTRO!$N:$N,0),0) -> 0 | S4: =IF(R4=0,0,IFERROR(INDEX(BD_CICLO!$C$3:$C$54,MATCH(F4&"|"&K4,BD_CICLO!$G$3:$G$54,0)),0)) -> 0 | T4: =B4&" - "&C4 -> 04102 - VL002- TRIMOTO MAVILA 2 - CAMPO
B5: 04103 | C5: VL003- CUATRIMOTO HONDA TRX 250 N°1 - CAMPO | D5: CAMPO | E5: BAJO | F5: HONDA TRX250 | G5: KM | H5: 1000 | K5: =IF(R5=0,"SIN REGISTRO",INDEX(REGISTRO!H:H,R5)) -> SIN REGISTRO | L5: =IF(R5=0,"",INDEX(REGISTRO!B:B,R5)) | M5: =IF(OR(R5=0,G5="MESES"),"",INDEX(REGISTRO!G:G,R5)) | N5: =IFERROR(INDEX(BD_CICLO!$D$3:$D$54,MATCH(F5&"|"&(MOD(S5,COUNTIF(BD_CICLO!$B$3:$B$54,F5))+1),BD_CICLO!$H$3:$H$54,0)),"") -> PM1 - 1000 KM | O5: =IF(R5=0,"",IF(G5="MESES",TEXT(EDATE(L5,H5),"dd/mm/yyyy"),M5+H5)) | P5: =IF(R5=0,"",IF(G5="MESES",EDATE(L5,H5)-TODAY(),O5-MAX(I5,M5))) | Q5: =IF(R5=0,"SIN REGISTRO",IF(P5<=0,"VENCIDO",IF(P5<=IF(G5="MESES",15,H5*0.1),"PRÓXIMO","AL DÍA"))) -> SIN REGISTRO | R5: =IFERROR(MATCH(B5&"|"&COUNTIF(REGISTRO!$C$3:$C$2002,B5),REGISTRO!$N:$N,0),0) -> 0 | S5: =IF(R5=0,0,IFERROR(INDEX(BD_CICLO!$C$3:$C$54,MATCH(F5&"|"&K5,BD_CICLO!$G$3:$G$54,0)),0)) -> 0 | T5: =B5&" - "&C5 -> 04103 - VL003- CUATRIMOTO HONDA TRX 250 N°1 - CAMPO
B6: 04104 | C6: VL004- CUATRIMOTO YAMAHA GRIZZLY 350 N°2 - PRODUCCION | D6: MANTENIMIENTO | E6: BAJO | F6: YAMAHA GRIZZLY 350 4X2 | G6: KM | H6: 1000 | K6: =IF(R6=0,"SIN REGISTRO",INDEX(REGISTRO!H:H,R6)) -> SIN REGISTRO | L6: =IF(R6=0,"",INDEX(REGISTRO!B:B,R6)) | M6: =IF(OR(R6=0,G6="MESES"),"",INDEX(REGISTRO!G:G,R6)) | N6: =IFERROR(INDEX(BD_CICLO!$D$3:$D$54,MATCH(F6&"|"&(MOD(S6,COUNTIF(BD_CICLO!$B$3:$B$54,F6))+1),BD_CICLO!$H$3:$H$54,0)),"") -> PM1 - 1000 KM | O6: =IF(R6=0,"",IF(G6="MESES",TEXT(EDATE(L6,H6),"dd/mm/yyyy"),M6+H6)) | P6: =IF(R6=0,"",IF(G6="MESES",EDATE(L6,H6)-TODAY(),O6-MAX(I6,M6))) | Q6: =IF(R6=0,"SIN REGISTRO",IF(P6<=0,"VENCIDO",IF(P6<=IF(G6="MESES",15,H6*0.1),"PRÓXIMO","AL DÍA"))) -> SIN REGISTRO | R6: =IFERROR(MATCH(B6&"|"&COUNTIF(REGISTRO!$C$3:$C$2002,B6),REGISTRO!$N:$N,0),0) -> 0 | S6: =IF(R6=0,0,IFERROR(INDEX(BD_CICLO!$C$3:$C$54,MATCH(F6&"|"&K6,BD_CICLO!$G$3:$G$54,0)),0)) -> 0 | T6: =B6&" - "&C6 -> 04104 - VL004- CUATRIMOTO YAMAHA GRIZZLY 350 N°2 - PRODUCCION
B7: 04105 | C7: VL005- CUATRIMOTO HONDA TRX 250 N°3 - CAMPO | D7: CAMPO | E7: BAJO | F7: HONDA TRX250 | G7: KM | H7: 1000 | K7: =IF(R7=0,"SIN REGISTRO",INDEX(REGISTRO!H:H,R7)) -> SIN REGISTRO | L7: =IF(R7=0,"",INDEX(REGISTRO!B:B,R7)) | M7: =IF(OR(R7=0,G7="MESES"),"",INDEX(REGISTRO!G:G,R7)) | N7: =IFERROR(INDEX(BD_CICLO!$D$3:$D$54,MATCH(F7&"|"&(MOD(S7,COUNTIF(BD_CICLO!$B$3:$B$54,F7))+1),BD_CICLO!$H$3:$H$54,0)),"") -> PM1 - 1000 KM | O7: =IF(R7=0,"",IF(G7="MESES",TEXT(EDATE(L7,H7),"dd/mm/yyyy"),M7+H7)) | P7: =IF(R7=0,"",IF(G7="MESES",EDATE(L7,H7)-TODAY(),O7-MAX(I7,M7))) | Q7: =IF(R7=0,"SIN REGISTRO",IF(P7<=0,"VENCIDO",IF(P7<=IF(G7="MESES",15,H7*0.1),"PRÓXIMO","AL DÍA"))) -> SIN REGISTRO | R7: =IFERROR(MATCH(B7&"|"&COUNTIF(REGISTRO!$C$3:$C$2002,B7),REGISTRO!$N:$N,0),0) -> 0 | S7: =IF(R7=0,0,IFERROR(INDEX(BD_CICLO!$C$3:$C$54,MATCH(F7&"|"&K7,BD_CICLO!$G$3:$G$54,0)),0)) -> 0 | T7: =B7&" - "&C7 -> 04105 - VL005- CUATRIMOTO HONDA TRX 250 N°3 - CAMPO
B8: 05112 | C8: IC 012- TRACTOR DE FUMIGACIÓN NEW HOLLAND TD90D - CAMPO | D8: SANIDAD | E8: ALTO | F8: NEW HOLLAND TD90D | G8: HR | H8: 250 | K8: =IF(R8=0,"SIN REGISTRO",INDEX(REGISTRO!H:H,R8)) -> SIN REGISTRO | L8: =IF(R8=0,"",INDEX(REGISTRO!B:B,R8)) | M8: =IF(OR(R8=0,G8="MESES"),"",INDEX(REGISTRO!G:G,R8)) | N8: =IFERROR(INDEX(BD_CICLO!$D$3:$D$54,MATCH(F8&"|"&(MOD(S8,COUNTIF(BD_CICLO!$B$3:$B$54,F8))+1),BD_CICLO!$H$3:$H$54,0)),"") -> PM1 - 250 HR | O8: =IF(R8=0,"",IF(G8="MESES",TEXT(EDATE(L8,H8),"dd/mm/yyyy"),M8+H8)) | P8: =IF(R8=0,"",IF(G8="MESES",EDATE(L8,H8)-TODAY(),O8-MAX(I8,M8))) | Q8: =IF(R8=0,"SIN REGISTRO",IF(P8<=0,"VENCIDO",IF(P8<=IF(G8="MESES",15,H8*0.1),"PRÓXIMO","AL DÍA"))) -> SIN REGISTRO | R8: =IFERROR(MATCH(B8&"|"&COUNTIF(REGISTRO!$C$3:$C$2002,B8),REGISTRO!$N:$N,0),0) -> 0 | S8: =IF(R8=0,0,IFERROR(INDEX(BD_CICLO!$C$3:$C$54,MATCH(F8&"|"&K8,BD_CICLO!$G$3:$G$54,0)),0)) -> 0 | T8: =B8&" - "&C8 -> 05112 - IC 012- TRACTOR DE FUMIGACIÓN NEW HOLLAND TD90D - CAMPO
B9: 05701 | C9: MC 001- MEZCLADORA DE CONCRETO - PRODUCCION | D9: SSGG | E9: ALTO | F9: MEZCLADORA CON MOTOR RATO R390 | G9: HR | H9: 100 | K9: =IF(R9=0,"SIN REGISTRO",INDEX(REGISTRO!H:H,R9)) -> SIN REGISTRO | L9: =IF(R9=0,"",INDEX(REGISTRO!B:B,R9)) | M9: =IF(OR(R9=0,G9="MESES"),"",INDEX(REGISTRO!G:G,R9)) | N9: =IFERROR(INDEX(BD_CICLO!$D$3:$D$54,MATCH(F9&"|"&(MOD(S9,COUNTIF(BD_CICLO!$B$3:$B$54,F9))+1),BD_CICLO!$H$3:$H$54,0)),"") -> PM1 - 100 HR | O9: =IF(R9=0,"",IF(G9="MESES",TEXT(EDATE(L9,H9),"dd/mm/yyyy"),M9+H9)) | P9: =IF(R9=0,"",IF(G9="MESES",EDATE(L9,H9)-TODAY(),O9-MAX(I9,M9))) | Q9: =IF(R9=0,"SIN REGISTRO",IF(P9<=0,"VENCIDO",IF(P9<=IF(G9="MESES",15,H9*0.1),"PRÓXIMO","AL DÍA"))) -> SIN REGISTRO | R9: =IFERROR(MATCH(B9&"|"&COUNTIF(REGISTRO!$C$3:$C$2002,B9),REGISTRO!$N:$N,0),0) -> 0 | S9: =IF(R9=0,0,IFERROR(INDEX(BD_CICLO!$C$3:$C$54,MATCH(F9&"|"&K9,BD_CICLO!$G$3:$G$54,0)),0)) -> 0 | T9: =B9&" - "&C9 -> 05701 - MC 001- MEZCLADORA DE CONCRETO - PRODUCCION
B10: 05702 | C10: MC 002- MOTOR ESTACIONARIO HONDA GX 390 - 1 (SANIDAD) CAMPO | D10: SANIDAD | E10: ALTO | F10: MOTOR HONDA GX390 | G10: HR | H10: 100 | K10: =IF(R10=0,"SIN REGISTRO",INDEX(REGISTRO!H:H,R10)) -> SIN REGISTRO | L10: =IF(R10=0,"",INDEX(REGISTRO!B:B,R10)) | M10: =IF(OR(R10=0,G10="MESES"),"",INDEX(REGISTRO!G:G,R10)) | N10: =IFERROR(INDEX(BD_CICLO!$D$3:$D$54,MATCH(F10&"|"&(MOD(S10,COUNTIF(BD_CICLO!$B$3:$B$54,F10))+1),BD_CICLO!$H$3:$H$54,0)),"") -> PM1 - 100 HR | O10: =IF(R10=0,"",IF(G10="MESES",TEXT(EDATE(L10,H10),"dd/mm/yyyy"),M10+H10)) | P10: =IF(R10=0,"",IF(G10="MESES",EDATE(L10,H10)-TODAY(),O10-MAX(I10,M10))) | Q10: =IF(R10=0,"SIN REGISTRO",IF(P10<=0,"VENCIDO",IF(P10<=IF(G10="MESES",15,H10*0.1),"PRÓXIMO","AL DÍA"))) -> SIN REGISTRO | R10: =IFERROR(MATCH(B10&"|"&COUNTIF(REGISTRO!$C$3:$C$2002,B10),REGISTRO!$N:$N,0),0) -> 0 | S10: =IF(R10=0,0,IFERROR(INDEX(BD_CICLO!$C$3:$C$54,MATCH(F10&"|"&K10,BD_CICLO!$G$3:$G$54,0)),0)) -> 0 | T10: =B10&" - "&C10 -> 05702 - MC 002- MOTOR ESTACIONARIO HONDA GX 390 - 1 (SANIDAD) CAMPO
B11: 05703 | C11: MC 003- MOTOR ESTACIONARIO HONDA GX 160 - CAMPO | D11: SANIDAD | E11: BAJO | F11: MOTOR HONDA GX160 | G11: HR | H11: 100 | K11: =IF(R11=0,"SIN REGISTRO",INDEX(REGISTRO!H:H,R11)) -> SIN REGISTRO | L11: =IF(R11=0,"",INDEX(REGISTRO!B:B,R11)) | M11: =IF(OR(R11=0,G11="MESES"),"",INDEX(REGISTRO!G:G,R11)) | N11: =IFERROR(INDEX(BD_CICLO!$D$3:$D$54,MATCH(F11&"|"&(MOD(S11,COUNTIF(BD_CICLO!$B$3:$B$54,F11))+1),BD_CICLO!$H$3:$H$54,0)),"") -> PM1 - 100 HR | O11: =IF(R11=0,"",IF(G11="MESES",TEXT(EDATE(L11,H11),"dd/mm/yyyy"),M11+H11)) | P11: =IF(R11=0,"",IF(G11="MESES",EDATE(L11,H11)-TODAY(),O11-MAX(I11,M11))) | Q11: =IF(R11=0,"SIN REGISTRO",IF(P11<=0,"VENCIDO",IF(P11<=IF(G11="MESES",15,H11*0.1),"PRÓXIMO","AL DÍA"))) -> SIN REGISTRO | R11: =IFERROR(MATCH(B11&"|"&COUNTIF(REGISTRO!$C$3:$C$2002,B11),REGISTRO!$N:$N,0),0) -> 0 | S11: =IF(R11=0,0,IFERROR(INDEX(BD_CICLO!$C$3:$C$54,MATCH(F11&"|"&K11,BD_CICLO!$G$3:$G$54,0)),0)) -> 0 | T11: =B11&" - "&C11 -> 05703 - MC 003- MOTOR ESTACIONARIO HONDA GX 160 - CAMPO
B12: 05704 | C12: MC 004- CORTA CESPED RONIX 4805 | D12: SSGG | E12: BAJO | F12: DESBROZADORA MULTIFUNCIONAL RONIX 4805 | G12: HR | H12: 50 | K12: =IF(R12=0,"SIN REGISTRO",INDEX(REGISTRO!H:H,R12)) -> SIN REGISTRO | L12: =IF(R12=0,"",INDEX(REGISTRO!B:B,R12)) | M12: =IF(OR(R12=0,G12="MESES"),"",INDEX(REGISTRO!G:G,R12)) | N12: =IFERROR(INDEX(BD_CICLO!$D$3:$D$54,MATCH(F12&"|"&(MOD(S12,COUNTIF(BD_CICLO!$B$3:$B$54,F12))+1),BD_CICLO!$H$3:$H$54,0)),"") -> PM1 - 50 HR | O12: =IF(R12=0,"",IF(G12="MESES",TEXT(EDATE(L12,H12),"dd/mm/yyyy"),M12+H12)) | P12: =IF(R12=0,"",IF(G12="MESES",EDATE(L12,H12)-TODAY(),O12-MAX(I12,M12))) | Q12: =IF(R12=0,"SIN REGISTRO",IF(P12<=0,"VENCIDO",IF(P12<=IF(G12="MESES",15,H12*0.1),"PRÓXIMO","AL DÍA"))) -> SIN REGISTRO | R12: =IFERROR(MATCH(B12&"|"&COUNTIF(REGISTRO!$C$3:$C$2002,B12),REGISTRO!$N:$N,0),0) -> 0 | S12: =IF(R12=0,0,IFERROR(INDEX(BD_CICLO!$C$3:$C$54,MATCH(F12&"|"&K12,BD_CICLO!$G$3:$G$54,0)),0)) -> 0 | T12: =B12&" - "&C12 -> 05704 - MC 004- CORTA CESPED RONIX 4805
B13: 05705 | C13: MC 005- MOTOR ESTACIONARIO HONDA GX 390 - 2 (SANIDAD) CAMPO | D13: SANIDAD | E13: ALTO | F13: MOTOR HONDA GX390 | G13: HR | H13: 100 | K13: =IF(R13=0,"SIN REGISTRO",INDEX(REGISTRO!H:H,R13)) -> SIN REGISTRO | L13: =IF(R13=0,"",INDEX(REGISTRO!B:B,R13)) | M13: =IF(OR(R13=0,G13="MESES"),"",INDEX(REGISTRO!G:G,R13)) | N13: =IFERROR(INDEX(BD_CICLO!$D$3:$D$54,MATCH(F13&"|"&(MOD(S13,COUNTIF(BD_CICLO!$B$3:$B$54,F13))+1),BD_CICLO!$H$3:$H$54,0)),"") -> PM1 - 100 HR | O13: =IF(R13=0,"",IF(G13="MESES",TEXT(EDATE(L13,H13),"dd/mm/yyyy"),M13+H13)) | P13: =IF(R13=0,"",IF(G13="MESES",EDATE(L13,H13)-TODAY(),O13-MAX(I13,M13))) | Q13: =IF(R13=0,"SIN REGISTRO",IF(P13<=0,"VENCIDO",IF(P13<=IF(G13="MESES",15,H13*0.1),"PRÓXIMO","AL DÍA"))) -> SIN REGISTRO | R13: =IFERROR(MATCH(B13&"|"&COUNTIF(REGISTRO!$C$3:$C$2002,B13),REGISTRO!$N:$N,0),0) -> 0 | S13: =IF(R13=0,0,IFERROR(INDEX(BD_CICLO!$C$3:$C$54,MATCH(F13&"|"&K13,BD_CICLO!$G$3:$G$54,0)),0)) -> 0 | T13: =B13&" - "&C13 -> 05705 - MC 005- MOTOR ESTACIONARIO HONDA GX 390 - 2 (SANIDAD) CAMPO
B14: 05706 | C14: MC 006- GENERADOR DE ENERGIA HONDA EG 6500 CXS - PRODUCCION | D14: MANTENIMIENTO | E14: MEDIO | F14: GENERADOR HONDA EG6500CXS | G14: HR | H14: 100 | K14: =IF(R14=0,"SIN REGISTRO",INDEX(REGISTRO!H:H,R14)) -> SIN REGISTRO | L14: =IF(R14=0,"",INDEX(REGISTRO!B:B,R14)) | M14: =IF(OR(R14=0,G14="MESES"),"",INDEX(REGISTRO!G:G,R14)) | N14: =IFERROR(INDEX(BD_CICLO!$D$3:$D$54,MATCH(F14&"|"&(MOD(S14,COUNTIF(BD_CICLO!$B$3:$B$54,F14))+1),BD_CICLO!$H$3:$H$54,0)),"") -> PM1 - 100 HR | O14: =IF(R14=0,"",IF(G14="MESES",TEXT(EDATE(L14,H14),"dd/mm/yyyy"),M14+H14)) | P14: =IF(R14=0,"",IF(G14="MESES",EDATE(L14,H14)-TODAY(),O14-MAX(I14,M14))) | Q14: =IF(R14=0,"SIN REGISTRO",IF(P14<=0,"VENCIDO",IF(P14<=IF(G14="MESES",15,H14*0.1),"PRÓXIMO","AL DÍA"))) -> SIN REGISTRO | R14: =IFERROR(MATCH(B14&"|"&COUNTIF(REGISTRO!$C$3:$C$2002,B14),REGISTRO!$N:$N,0),0) -> 0 | S14: =IF(R14=0,0,IFERROR(INDEX(BD_CICLO!$C$3:$C$54,MATCH(F14&"|"&K14,BD_CICLO!$G$3:$G$54,0)),0)) -> 0 | T14: =B14&" - "&C14 -> 05706 - MC 006- GENERADOR DE ENERGIA HONDA EG 6500 CXS - PRODUCCION
... B18: 05802 | C18: ML 002- COMPRESOR DE AIRE 227 LT - MTO Y OPER | D18: MANTENIMIENTO | E18: BAJO | F18: COMPRESORA 227 LT | G18: MESES | H18: 3 | K18: =IF(R18=0,"SIN REGISTRO",INDEX(REGISTRO!H:H,R18)) -> SIN REGISTRO | L18: =IF(R18=0,"",INDEX(REGISTRO!B:B,R18)) | M18: =IF(OR(R18=0,G18="MESES"),"",INDEX(REGISTRO!G:G,R18)) | N18: =IFERROR(INDEX(BD_CICLO!$D$3:$D$54,MATCH(F18&"|"&(MOD(S18,COUNTIF(BD_CICLO!$B$3:$B$54,F18))+1),BD_CICLO!$H$3:$H$54,0)),"") -> PM1 - 3 MESES | O18: =IF(R18=0,"",IF(G18="MESES",TEXT(EDATE(L18,H18),"dd/mm/yyyy"),M18+H18)) | P18: =IF(R18=0,"",IF(G18="MESES",EDATE(L18,H18)-TODAY(),O18-MAX(I18,M18))) | Q18: =IF(R18=0,"SIN REGISTRO",IF(P18<=0,"VENCIDO",IF(P18<=IF(G18="MESES",15,H18*0.1),"PRÓXIMO","AL DÍA"))) -> SIN REGISTRO | R18: =IFERROR(MATCH(B18&"|"&COUNTIF(REGISTRO!$C$3:$C$2002,B18),REGISTRO!$N:$N,0),0) -> 0 | S18: =IF(R18=0,0,IFERROR(INDEX(BD_CICLO!$C$3:$C$54,MATCH(F18&"|"&K18,BD_CICLO!$G$3:$G$54,0)),0)) -> 0 | T18: =B18&" - "&C18 -> 05802 - ML 002- COMPRESOR DE AIRE 227 LT - MTO Y OPER

Sheet MATERIALES
B2: DESCRIPCIÓN | C2: UNIDAD | D2: P. UNIT (S/)
B3: ACEITE CORONA HIPOIDE SAE 80 GL-4 | C3: L | D3: 25
B4: ACEITE CORONA HIPOIDE SAE 80W90 | C4: L | D4: 25
B5: ACEITE DIESEL 15W40 SUPER TD | C5: GLN | D5: 68
B6: ACEITE DIFERENCIAL 80W90 | C6: L | D6: 25
B7: ACEITE DIFERENCIAL 80W90 8T-9582 | C7: GLN | D7: 75.64
B8: ACEITE DIFERENCIAL 80W90 8T-9582 VALTRA | C8: GLN | D8: 75.64
B9: ACEITE MOTOR 20W50 4T MINERAL | C9: L | D9: 20
B10: ACEITE MOTOR SAE 10W30 4T | C10: L | D10: 25
B11: ACEITE MOTUL 7100 20W50 | C11: L | D11: 70
B12: ACEITE PARA COMPRESOR SAE 30 | C12: L | D12: 30
B13: ACEITE SPIRAX S4 TXM (DONAX TD 10W30) | C13: GLN | D13: 84
B14: ARANDELA TAPÓN DE DRENAJE | C14: UND. | D14: 2
... B57: TRAPO INDUSTRIAL | C57: KG | D57: 4.5

Sheet BD_PLAN
B2: PLAN | C2: MANTENIMIENTO | D2: SISTEMA | E2: DESCRIPCIÓN | F2: CANTIDAD | G2: UNIDAD | H2: P. UNIT (S/) | I2: P. TOTAL (S/)
B3: TRIMOTO MAVILA CARGO 250 | C3: PM1 - 1000 KM | D3: MOTOR | E3: ACEITE MOTOR 20W50 4T MINERAL | F3: 1.5 | G3: L | H3: =IFERROR(INDEX(MATERIALES!$D$3:$D$57,MATCH(E3,MATERIALES!$B$3:$B$57,0)),"") -> 20 | I3: =IF(H3="","",F3*H3) -> 30 | J3: TRIMOTO MAVILA CARGO 250|1 | K3: TRIMOTO MAVILA CARGO 250|PM1 - 1000 KM|1
B4: TRIMOTO MAVILA CARGO 250 | C4: PM1 - 1000 KM | D4: MOTOR | E4: ARANDELA TAPÓN DE DRENAJE | F4: 1 | G4: UND. | H4: =IFERROR(INDEX(MATERIALES!$D$3:$D$57,MATCH(E4,MATERIALES!$B$3:$B$57,0)),"") -> 2 | I4: =IF(H4="","",F4*H4) -> 2 | J4: TRIMOTO MAVILA CARGO 250|2 | K4: TRIMOTO MAVILA CARGO 250|PM1 - 1000 KM|2
B5: TRIMOTO MAVILA CARGO 250 | C5: PM1 - 1000 KM | D5: CHASIS | E5: GRASA MULTIPROPÓSITO | F5: 0.5 | G5: LBRS | H5: =IFERROR(INDEX(MATERIALES!$D$3:$D$57,MATCH(E5,MATERIALES!$B$3:$B$57,0)),"") -> 15 | I5: =IF(H5="","",F5*H5) -> 7.5 | J5: TRIMOTO MAVILA CARGO 250|3 | K5: TRIMOTO MAVILA CARGO 250|PM1 - 1000 KM|3
B6: TRIMOTO MAVILA CARGO 250 | C6: PM1 - 1000 KM | D6: SERVICIO GENERAL | E6: TRAPO INDUSTRIAL | F6: 0.5 | G6: KG | H6: =IFERROR(INDEX(MATERIALES!$D$3:$D$57,MATCH(E6,MATERIALES!$B$3:$B$57,0)),"") -> 4.5 | I6: =IF(H6="","",F6*H6) -> 2.25 | J6: TRIMOTO MAVILA CARGO 250|4 | K6: TRIMOTO MAVILA CARGO 250|PM1 - 1000 KM|4
B7: TRIMOTO MAVILA CARGO 250 | C7: PM1 - 1000 KM | D7: SERVICIO GENERAL | E7: GASOLINA 90 OCT | F7: 0.25 | G7: GL | H7: =IFERROR(INDEX(MATERIALES!$D$3:$D$57,MATCH(E7,MATERIALES!$B$3:$B$57,0)),"") -> 24 | I7: =IF(H7="","",F7*H7) -> 6 | J7: TRIMOTO MAVILA CARGO 250|5 | K7: TRIMOTO MAVILA CARGO 250|PM1 - 1000 KM|5
B8: TRIMOTO MAVILA CARGO 250 | C8: PM1 - 1000 KM | D8: COMBUSTIBLE | E8: LIMPIA CARBURADOR | F8: 0.5 | G8: UND. | H8: =IFERROR(INDEX(MATERIALES!$D$3:$D$57,MATCH(E8,MATERIALES!$B$3:$B$57,0)),"") -> 15 | I8: =IF(H8="","",F8*H8) -> 7.5 | J8: TRIMOTO MAVILA CARGO 250|6 | K8: TRIMOTO MAVILA CARGO 250|PM1 - 1000 KM|6
B9: TRIMOTO MAVILA CARGO 250 | C9: PM2 - 2000 KM | D9: MOTOR | E9: ACEITE MOTOR 20W50 4T MINERAL | F9: 1.5 | G9: L | H9: =IFERROR(INDEX(MATERIALES!$D$3:$D$57,MATCH(E9,MATERIALES!$B$3:$B$57,0)),"") -> 20 | I9: =IF(H9="","",F9*H9) -> 30 | J9: TRIMOTO MAVILA CARGO 250|7 | K9: TRIMOTO MAVILA CARGO 250|PM2 - 2000 KM|1
B10: TRIMOTO MAVILA CARGO 250 | C10: PM2 - 2000 KM | D10: MOTOR | E10: ARANDELA TAPÓN DE DRENAJE | F10: 1 | G10: UND. | H10: =IFERROR(INDEX(MATERIALES!$D$3:$D$57,MATCH(E10,MATERIALES!$B$3:$B$57,0)),"") -> 2 | I10: =IF(H10="","",F10*H10) -> 2 | J10: TRIMOTO MAVILA CARGO 250|8 | K10: TRIMOTO MAVILA CARGO 250|PM2 - 2000 KM|2
B11: TRIMOTO MAVILA CARGO 250 | C11: PM2 - 2000 KM | D11: COMBUSTIBLE | E11: FILTRO DE GASOLINA EN LÍNEA | F11: 1 | G11: UND. | H11: =IFERROR(INDEX(MATERIALES!$D$3:$D$57,MATCH(E11,MATERIALES!$B$3:$B$57,0)),"") -> 8 | I11: =IF(H11="","",F11*H11) -> 8 | J11: TRIMOTO MAVILA CARGO 250|9 | K11: TRIMOTO MAVILA CARGO 250|PM2 - 2000 KM|3
B12: TRIMOTO MAVILA CARGO 250 | C12: PM2 - 2000 KM | D12: COMBUSTIBLE | E12: LIMPIA CARBURADOR | F12: 0.5 | G12: UND. | H12: =IFERROR(INDEX(MATERIALES!$D$3:$D$57,MATCH(E12,MATERIALES!$B$3:$B$57,0)),"") -> 15 | I12: =IF(H12="","",F12*H12) -> 7.5 | J12: TRIMOTO MAVILA CARGO 250|10 | K12: TRIMOTO MAVILA CARGO 250|PM2 - 2000 KM|4
B13: TRIMOTO MAVILA CARGO 250 | C13: PM2 - 2000 KM | D13: CHASIS | E13: GRASA MULTIPROPÓSITO | F13: 0.5 | G13: LBRS | H13: =IFERROR(INDEX(MATERIALES!$D$3:$D$57,MATCH(E13,MATERIALES!$B$3:$B$57,0)),"") -> 15 | I13: =IF(H13="","",F13*H13) -> 7.5 | J13: TRIMOTO MAVILA CARGO 250|11 | K13: TRIMOTO MAVILA CARGO 250|PM2 - 2000 KM|5
B14: TRIMOTO MAVILA CARGO 250 | C14: PM2 - 2000 KM | D14: SERVICIO GENERAL | E14: TRAPO INDUSTRIAL | F14: 0.5 | G14: KG | H14: =IFERROR(INDEX(MATERIALES!$D$3:$D$57,MATCH(E14,MATERIALES!$B$3:$B$57,0)),"") -> 4.5 | I14: =IF(H14="","",F14*H14) -> 2.25 | J14: TRIMOTO MAVILA CARGO 250|12 | K14: TRIMOTO MAVILA CARGO 250|PM2 - 2000 KM|6
... B312: COMPRESORA 227 LT | C312: PM4 - 12 MESES | D312: SERVICIO GENERAL | E312: TRAPO INDUSTRIAL | F312: 0.25 | G312: KG | H312: =IFERROR(INDEX(MATERIALES!$D$3:$D$57,MATCH(E312,MATERIALES!$B$3:$B$57,0)),"") -> 4.5 | I312: =IF(H312="","",F312*H312) -> 1.125 | J312: COMPRESORA 227 LT|11 | K312: COMPRESORA 227 LT|PM4 - 12 MESES|4

Sheet BD_INSPECCION
B2: PLAN | C2: MANTENIMIENTO | D2: SISTEMA | E2: ACTIVIDAD | F2: TAREA
B3: TRIMOTO MAVILA CARGO 250 | C3: PM1 - 1000 KM | D3: MOTOR | E3: INSPECCIONAR | F3: LUZ DE VÁLVULAS (REGULAR SI ES NECESARIO) | G3: TRIMOTO MAVILA CARGO 250|1 | H3: TRIMOTO MAVILA CARGO 250|PM1 - 1000 KM|1
B4: TRIMOTO MAVILA CARGO 250 | C4: PM1 - 1000 KM | D4: MOTOR | E4: INSPECCIONAR | F4: VELOCIDAD DE RALENTÍ | G4: TRIMOTO MAVILA CARGO 250|2 | H4: TRIMOTO MAVILA CARGO 250|PM1 - 1000 KM|2
B5: TRIMOTO MAVILA CARGO 250 | C5: PM1 - 1000 KM | D5: MOTOR | E5: INSPECCIONAR | F5: FUGAS DE ACEITE Y ESTADO DE EMPAQUES | G5: TRIMOTO MAVILA CARGO 250|3 | H5: TRIMOTO MAVILA CARGO 250|PM1 - 1000 KM|3
B6: TRIMOTO MAVILA CARGO 250 | C6: PM1 - 1000 KM | D6: MOTOR | E6: LIMPIAR | F6: MALLA (COLADOR) DE ACEITE | G6: TRIMOTO MAVILA CARGO 250|4 | H6: TRIMOTO MAVILA CARGO 250|PM1 - 1000 KM|4
B7: TRIMOTO MAVILA CARGO 250 | C7: PM1 - 1000 KM | D7: ADMISIÓN DE AIRE | E7: LIMPIAR | F7: FILTRO DE AIRE | G7: TRIMOTO MAVILA CARGO 250|5 | H7: TRIMOTO MAVILA CARGO 250|PM1 - 1000 KM|5
B8: TRIMOTO MAVILA CARGO 250 | C8: PM1 - 1000 KM | D8: COMBUSTIBLE | E8: INSPECCIONAR | F8: MANGUERA DE COMBUSTIBLE (GRIETAS Y FUGAS) | G8: TRIMOTO MAVILA CARGO 250|6 | H8: TRIMOTO MAVILA CARGO 250|PM1 - 1000 KM|6
B9: TRIMOTO MAVILA CARGO 250 | C9: PM1 - 1000 KM | D9: COMBUSTIBLE | E9: INSPECCIONAR | F9: FUNCIONAMIENTO DEL ACELERADOR Y CHOKE | G9: TRIMOTO MAVILA CARGO 250|7 | H9: TRIMOTO MAVILA CARGO 250|PM1 - 1000 KM|7
B10: TRIMOTO MAVILA CARGO 250 | C10: PM1 - 1000 KM | D10: ENCENDIDO | E10: INSPECCIONAR | F10: BUJÍA: LIMPIAR Y CALIBRAR | G10: TRIMOTO MAVILA CARGO 250|8 | H10: TRIMOTO MAVILA CARGO 250|PM1 - 1000 KM|8
B11: TRIMOTO MAVILA CARGO 250 | C11: PM1 - 1000 KM | D11: TRANSMISIÓN | E11: INSPECCIONAR | F11: EMBRAGUE (JUEGO LIBRE DEL CABLE) Y CAMBIOS | G11: TRIMOTO MAVILA CARGO 250|9 | H11: TRIMOTO MAVILA CARGO 250|PM1 - 1000 KM|9
B12: TRIMOTO MAVILA CARGO 250 | C12: PM1 - 1000 KM | D12: CARDÁN | E12: INSPECCIONAR | F12: CRUCETAS (JUEGO) Y GUARDAPOLVOS | G12: TRIMOTO MAVILA CARGO 250|10 | H12: TRIMOTO MAVILA CARGO 250|PM1 - 1000 KM|10
B13: TRIMOTO MAVILA CARGO 250 | C13: PM1 - 1000 KM | D13: CARDÁN | E13: LUBRICAR | F13: CRUCETAS Y ESTRIADO DEL CARDÁN | G13: TRIMOTO MAVILA CARGO 250|11 | H13: TRIMOTO MAVILA CARGO 250|PM1 - 1000 KM|11
B14: TRIMOTO MAVILA CARGO 250 | C14: PM1 - 1000 KM | D14: DIFERENCIAL | E14: INSPECCIONAR | F14: NIVEL DE ACEITE Y FUGAS | G14: TRIMOTO MAVILA CARGO 250|12 | H14: TRIMOTO MAVILA CARGO 250|PM1 - 1000 KM|12
... B851: COMPRESORA 227 LT | C851: PM4 - 12 MESES | D851: ESTRUCTURA | E851: INSPECCIONAR | F851: PERNOS DE ANCLAJE Y TACOS ANTIVIBRATORIOS | G851: COMPRESORA 227 LT|69 | H851: COMPRESORA 227 LT|PM4 - 12 MESES|16

Sheet BD_CICLO
B2: PLAN | C2: ORDEN | D2: PASO | E2: LECTURA EN CICLO | F2: MANTENIMIENTO | G2: CLAVE PASO | H2: CLAVE ORDEN
B3: TRIMOTO MAVILA CARGO 250 | C3: 1 | D3: PM1 - 1000 KM | E3: 1000 | F3: PM1 - 1000 KM | G3: TRIMOTO MAVILA CARGO 250|PM1 - 1000 KM | H3: TRIMOTO MAVILA CARGO 250|1
B4: TRIMOTO MAVILA CARGO 250 | C4: 2 | D4: PM2 - 2000 KM | E4: 2000 | F4: PM2 - 2000 KM | G4: TRIMOTO MAVILA CARGO 250|PM2 - 2000 KM | H4: TRIMOTO MAVILA CARGO 250|2
B5: TRIMOTO MAVILA CARGO 250 | C5: 3 | D5: PM3 - 3000 KM | E5: 3000 | F5: PM3 - 3000 KM | G5: TRIMOTO MAVILA CARGO 250|PM3 - 3000 KM | H5: TRIMOTO MAVILA CARGO 250|3
B6: TRIMOTO MAVILA CARGO 250 | C6: 4 | D6: PM4 - 4000 KM | E6: 4000 | F6: PM4 - 4000 KM | G6: TRIMOTO MAVILA CARGO 250|PM4 - 4000 KM | H6: TRIMOTO MAVILA CARGO 250|4
B7: TRIMOTO MAVILA CARGO 250 | C7: 5 | D7: PM5 - 5000 KM | E7: 5000 | F7: PM5 - 5000 KM | G7: TRIMOTO MAVILA CARGO 250|PM5 - 5000 KM | H7: TRIMOTO MAVILA CARGO 250|5
B8: TRIMOTO MAVILA CARGO 250 | C8: 6 | D8: PM6 - 6000 KM | E8: 6000 | F8: PM6 - 6000 KM | G8: TRIMOTO MAVILA CARGO 250|PM6 - 6000 KM | H8: TRIMOTO MAVILA CARGO 250|6
B9: HONDA TRX250 | C9: 1 | D9: PM1 - 1000 KM | E9: 1000 | F9: PM1 - 1000 KM | G9: HONDA TRX250|PM1 - 1000 KM | H9: HONDA TRX250|1
B10: HONDA TRX250 | C10: 2 | D10: PM2 - 2000 KM | E10: 2000 | F10: PM2 - 2000 KM | G10: HONDA TRX250|PM2 - 2000 KM | H10: HONDA TRX250|2
B11: HONDA TRX250 | C11: 3 | D11: PM3 - 3000 KM | E11: 3000 | F11: PM3 - 3000 KM | G11: HONDA TRX250|PM3 - 3000 KM | H11: HONDA TRX250|3
B12: HONDA TRX250 | C12: 4 | D12: PM4 - 4000 KM | E12: 4000 | F12: PM4 - 4000 KM | G12: HONDA TRX250|PM4 - 4000 KM | H12: HONDA TRX250|4
B13: HONDA TRX250 | C13: 5 | D13: PM5 - 5000 KM | E13: 5000 | F13: PM5 - 5000 KM | G13: HONDA TRX250|PM5 - 5000 KM | H13: HONDA TRX250|5
B14: HONDA TRX250 | C14: 6 | D14: PM6 - 6000 KM | E14: 6000 | F14: PM6 - 6000 KM | G14: HONDA TRX250|PM6 - 6000 KM | H14: HONDA TRX250|6
... B54: COMPRESORA 227 LT | C54: 4 | D54: PM4 - 12 MESES | E54: 12 | F54: PM4 - 12 MESES | G54: COMPRESORA 227 LT|PM4 - 12 MESES | H54: COMPRESORA 227 LT|4
